,id,seq,CDR3Seq,CDR3Length
0,seq0,QVQLVQSGAEVKKPGASVKVSCKASGYTFTGYYIHWVRRAPGQGLEWMGWINPNSGGTNYAQKFQGRVTMTRDTSITTAYLELSSLRSDDTAVYYCRARGYSGDPDYWGQGTLVTVSS,RARGYSGDPDY,11
1,seq1,QVQLVQSGAEVKKPGASVKVSCKASGYTFTGYYIHWVRRAPGQGLEWMGWINPNSGGTNYAQKFQGRVTMTRDTSITTAYLELSSLRSDDTAVYYCARARGYSGYDPDWGQGTLVTVSS,ARARGYSGYDPD,12
2,seq2,QVQLVQSGAEVKKPGASVKVSCKASGYTFTGYYIHWVRRAPGQGLEWMGWINPNSGGTNYAQKFQGRVTMTRDTSITTAYLELSSLRSDDTAVYYCRARGSGDPFDWGQGTLVTVSS,RARGSGDPFD,10
3,seq3,QVQLVQSGAEVKKPGASVKVSCKASGYTFTGYYIHWVRRAPGQGLEWMGWINPNSGGTNYAQKFQGRVTMTRDTSITTAYLELSSLRSDDTAVYYCARRGSGYDPFDYWGQGTLVTVSS,ARRGSGYDPFDY,12
4,seq4,QVQLVQSGAEVKKPGASVKVSCKASGYTFTGYYIHWVRRAPGQGLEWMGWINPNSGGTNYAQKFQGRVTMTRDTSITTAYLELSSLRSDDTAVYYCARGYSGYPDYWGQGTLVTVSS,ARGYSGYPDY,10
5,seq5,QVQLVQSGAEVKKPGASVKVSCKASGYTFTGYYIHWVRRAPGQGLEWMGWINPNSGGTNYAQKFQGRVTMTRDTSITTAYLELSSLRSDDTAVYYCARARGYSGDFDYWGQGTLVTVSS,ARARGYSGDFDY,12
6,seq6,QVQLVQSGAEVKKPGASVKVSCKASGYTFTGYYIHWVRRAPGQGLEWMGWINPNSGGTNYAQKFQGRVTMTRDTSITTAYLELSSLRSDDTAVYYCARRGSGYDPFDYWGQGTLVTVSS,ARRGSGYDPFDY,12
7,seq7,QVQLVQSGAEVKKPGASVKVSCKASGYTFTGYYIHWVRRAPGQGLEWMGWINPNSGGTNYAQKFQGRVTMTRDTSITTAYLELSSLRSDDTAVYYCRARGYSGYDPFDWGQGTLVTVSS,RARGYSGYDPFD,12
8,seq8,QVQLVQSGAEVKKPGASVKVSCKASGYTFTGYYIHWVRRAPGQGLEWMGWINPNSGGTNYAQKFQGRVTMTRDTSITTAYLELSSLRSDDTAVYYCARARYSGYDPDYWGQGTLVTVSS,ARARYSGYDPDY,12
9,seq9,QVQLVQSGAEVKKPGASVKVSCKASGYTFTGYYIHWVRRAPGQGLEWMGWINPNSGGTNYAQKFQGRVTMTRDTSITTAYLELSSLRSDDTAVYYCAARSGDPFWGQGTLVTVSS,AARSGDPF,8
10,seq10,QVQLVQSGAEVKKPGASVKVSCKASGYTFTGYYIHWVRRAPGQGLEWMGWINPNSGGTNYAQKFQGRVTMTRDTSITTAYLELSSLRSDDTAVYYCARARGYSYDPFDYWGQGTLVTVSS,ARARGYSYDPFDY,13
11,seq11,QVQLVQSGAEVKKPGASVKVSCKASGYTFTGYYIHWVRRAPGQGLEWMGWINPNSGGTNYAQKFQGRVTMTRDTSITTAYLELSSLRSDDTAVYYCAARGYSGYDPFDYWGQGTLVTVSS,AARGYSGYDPFDY,13
12,seq12,QVQLVQSGAEVKKPGASVKVSCKASGYTFTGYYIHWVRRAPGQGLEWMGWINPNSGGTNYAQKFQGRVTMTRDTSITTAYLELSSLRSDDTAVYYCARRGYSGYFDYWGQGTLVTVSS,ARRGYSGYFDY,11
13,seq13,QVQLVQSGAEVKKPGASVKVSCKASGYTFTGYYIHWVRRAPGQGLEWMGWINPNSGGTNYAQKFQGRVTMTRDTSITTAYLELSSLRSDDTAVYYCRAGYSGYDFDYWGQGTLVTVSS,RAGYSGYDFDY,11
14,seq14,QVQLVQSGAEVKKPGASVKVSCKASGYTFTGYYIHWVRRAPGQGLEWMGWINPNSGGTNYAQKFQGRVTMTRDTSITTAYLELSSLRSDDTAVYYCARARGYSGYDPFDYWGQGTLVTVSS,ARARGYSGYDPFDY,14
15,seq15,QVQLVQSGAEVKKPGASVKVSCKASGYTFTGYYIHWVRRAPGQGLEWMGWINPNSGGTNYAQKFQGRVTMTRDTSITTAYLELSSLRSDDTAVYYCARRYSGYDPFDYWGQGTLVTVSS,ARRYSGYDPFDY,12
16,seq16,QVQLVQSGAEVKKPGASVKVSCKASGYTFTGYYIHWVRRAPGQGLEWMGWINPNSGGTNYAQKFQGRVTMTRDTSITTAYLELSSLRSDDTAVYYCRARGYSGDPFDYWGQGTLVTVSS,RARGYSGDPFDY,12
17,seq17,QVQLVQSGAEVKKPGASVKVSCKASGYTFTGYYIHWVRRAPGQGLEWMGWINPNSGGTNYAQKFQGRVTMTRDTSITTAYLELSSLRSDDTAVYYCARAGYSGYDPDWGQGTLVTVSS,ARAGYSGYDPD,11
18,seq18,QVQLVQSGAEVKKPGASVKVSCKASGYTFTGYYIHWVRRAPGQGLEWMGWINPNSGGTNYAQKFQGRVTMTRDTSITTAYLELSSLRSDDTAVYYCARGYSGYDPYWGQGTLVTVSS,ARGYSGYDPY,10
19,seq19,QVQLVQSGAEVKKPGASVKVSCKASGYTFTGYYIHWVRRAPGQGLEWMGWINPNSGGTNYAQKFQGRVTMTRDTSITTAYLELSSLRSDDTAVYYCARGYSYDPFDYWGQGTLVTVSS,ARGYSYDPFDY,11
20,seq20,QVQLVQSGAEVKKPGASVKVSCKASGYTFTGYYIHWVRRAPGQGLEWMGWINPNSGGTNYAQKFQGRVTMTRDTSITTAYLELSSLRSDDTAVYYCARARGGYPFDYWGQGTLVTVSS,ARARGGYPFDY,11
21,seq21,QVQLVQSGAEVKKPGASVKVSCKASGYTFTGYYIHWVRRAPGQGLEWMGWINPNSGGTNYAQKFQGRVTMTRDTSITTAYLELSSLRSDDTAVYYCRGYGYDPFDYWGQGTLVTVSS,RGYGYDPFDY,10
22,seq22,QVQLVQSGAEVKKPGASVKVSCKASGYTFTGYYIHWVRRAPGQGLEWMGWINPNSGGTNYAQKFQGRVTMTRDTSITTAYLELSSLRSDDTAVYYCARARGYSGYDPFYWGQGTLVTVSS,ARARGYSGYDPFY,13
23,seq23,QVQLVQSGAEVKKPGASVKVSCKASGYTFTGYYIHWVRRAPGQGLEWMGWINPNSGGTNYAQKFQGRVTMTRDTSITTAYLELSSLRSDDTAVYYCARARGYSGYPFDYWGQGTLVTVSS,ARARGYSGYPFDY,13
24,seq24,QVQLVQSGAEVKKPGASVKVSCKASGYTFTGYYIHWVRRAPGQGLEWMGWINPNSGGTNYAQKFQGRVTMTRDTSITTAYLELSSLRSDDTAVYYCRARGGDPFDYWGQGTLVTVSS,RARGGDPFDY,10
25,seq25,QVQLVQSGAEVKKPGASVKVSCKASGYTFTGYYIHWVRRAPGQGLEWMGWINPNSGGTNYAQKFQGRVTMTRDTSITTAYLELSSLRSDDTAVYYCARARGGYDPDYWGQGTLVTVSS,ARARGGYDPDY,11
26,seq26,QVQLVQSGAEVKKPGASVKVSCKASGYTFTGYYIHWVRRAPGQGLEWMGWINPNSGGTNYAQKFQGRVTMTRDTSITTAYLELSSLRSDDTAVYYCARAGYSGYPFDYWGQGTLVTVSS,ARAGYSGYPFDY,12
27,seq27,QVQLVQSGAEVKKPGASVKVSCKASGYTFTGYYIHWVRRAPGQGLEWMGWINPNSGGTNYAQKFQGRVTMTRDTSITTAYLELSSLRSDDTAVYYCARRGYSGYDPYWGQGTLVTVSS,ARRGYSGYDPY,11
28,seq28,QVQLVQSGAEVKKPGASVKVSCKASGYTFTGYYIHWVRRAPGQGLEWMGWINPNSGGTNYAQKFQGRVTMTRDTSITTAYLELSSLRSDDTAVYYCARRGYYDPFWGQGTLVTVSS,ARRGYYDPF,9
29,seq29,QVQLVQSGAEVKKPGASVKVSCKASGYTFTGYYIHWVRRAPGQGLEWMGWINPNSGGTNYAQKFQGRVTMTRDTSITTAYLELSSLRSDDTAVYYCRARYGYDPFDYWGQGTLVTVSS,RARYGYDPFDY,11
30,seq30,QVQLVQSGAEVKKPGASVKVSCKASGYTFTGYYIHWVRRAPGQGLEWMGWINPNSGGTNYAQKFQGRVTMTRDTSITTAYLELSSLRSDDTAVYYCAARGYSGPFDWGQGTLVTVSS,AARGYSGPFD,10
31,seq31,QVQLVQSGAEVKKPGASVKVSCKASGYTFTGYYIHWVRRAPGQGLEWMGWINPNSGGTNYAQKFQGRVTMTRDTSITTAYLELSSLRSDDTAVYYCRARGYSGYDFYWGQGTLVTVSS,RARGYSGYDFY,11
32,seq32,QVQLVQSGAEVKKPGASVKVSCKASGYTFTGYYIHWVRRAPGQGLEWMGWINPNSGGTNYAQKFQGRVTMTRDTSITTAYLELSSLRSDDTAVYYCARARGYSGYPFDYWGQGTLVTVSS,ARARGYSGYPFDY,13
33,seq33,QVQLVQSGAEVKKPGASVKVSCKASGYTFTGYYIHWVRRAPGQGLEWMGWINPNSGGTNYAQKFQGRVTMTRDTSITTAYLELSSLRSDDTAVYYCAARGYSGYDPFYWGQGTLVTVSS,AARGYSGYDPFY,12
34,seq34,QVQLVQSGAEVKKPGASVKVSCKASGYTFTGYYIHWVRRAPGQGLEWMGWINPNSGGTNYAQKFQGRVTMTRDTSITTAYLELSSLRSDDTAVYYCARARGGYPFDYWGQGTLVTVSS,ARARGGYPFDY,11
35,seq35,QVQLVQSGAEVKKPGASVKVSCKASGYTFTGYYIHWVRRAPGQGLEWMGWINPNSGGTNYAQKFQGRVTMTRDTSITTAYLELSSLRSDDTAVYYCARAGYSGYDPFWGQGTLVTVSS,ARAGYSGYDPF,11
36,seq36,QVQLVQSGAEVKKPGASVKVSCKASGYTFTGYYIHWVRRAPGQGLEWMGWINPNSGGTNYAQKFQGRVTMTRDTSITTAYLELSSLRSDDTAVYYCARARGYSGYDPFYWGQGTLVTVSS,ARARGYSGYDPFY,13
37,seq37,QVQLVQSGAEVKKPGASVKVSCKASGYTFTGYYIHWVRRAPGQGLEWMGWINPNSGGTNYAQKFQGRVTMTRDTSITTAYLELSSLRSDDTAVYYCARARGYGYPDYWGQGTLVTVSS,ARARGYGYPDY,11
38,seq38,QVQLVQSGAEVKKPGASVKVSCKASGYTFTGYYIHWVRRAPGQGLEWMGWINPNSGGTNYAQKFQGRVTMTRDTSITTAYLELSSLRSDDTAVYYCRGSGYDPFDYWGQGTLVTVSS,RGSGYDPFDY,10
39,seq39,QVQLVQSGAEVKKPGASVKVSCKASGYTFTGYYIHWVRRAPGQGLEWMGWINPNSGGTNYAQKFQGRVTMTRDTSITTAYLELSSLRSDDTAVYYCARARGSGYDPFDYWGQGTLVTVSS,ARARGSGYDPFDY,13
40,seq40,QVQLVQSGAEVKKPGASVKVSCKASGYTFTGYYIHWVRRAPGQGLEWMGWINPNSGGTNYAQKFQGRVTMTRDTSITTAYLELSSLRSDDTAVYYCARYSGYDPYWGQGTLVTVSS,ARYSGYDPY,9
41,seq41,QVQLVQSGAEVKKPGASVKVSCKASGYTFTGYYIHWVRRAPGQGLEWMGWINPNSGGTNYAQKFQGRVTMTRDTSITTAYLELSSLRSDDTAVYYCAARGYSGDPFDYWGQGTLVTVSS,AARGYSGDPFDY,12
42,seq42,QVQLVQSGAEVKKPGASVKVSCKASGYTFTGYYIHWVRRAPGQGLEWMGWINPNSGGTNYAQKFQGRVTMTRDTSITTAYLELSSLRSDDTAVYYCARARGSGDPFDYWGQGTLVTVSS,ARARGSGDPFDY,12
43,seq43,QVQLVQSGAEVKKPGASVKVSCKASGYTFTGYYIHWVRRAPGQGLEWMGWINPNSGGTNYAQKFQGRVTMTRDTSITTAYLELSSLRSDDTAVYYCRRGYGYDDYWGQGTLVTVSS,RRGYGYDDY,9
44,seq44,QVQLVQSGAEVKKPGASVKVSCKASGYTFTGYYIHWVRRAPGQGLEWMGWINPNSGGTNYAQKFQGRVTMTRDTSITTAYLELSSLRSDDTAVYYCARAGYSGYDPYWGQGTLVTVSS,ARAGYSGYDPY,11
45,seq45,QVQLVQSGAEVKKPGASVKVSCKASGYTFTGYYIHWVRRAPGQGLEWMGWINPNSGGTNYAQKFQGRVTMTRDTSITTAYLELSSLRSDDTAVYYCAARGYSDPFDWGQGTLVTVSS,AARGYSDPFD,10
46,seq46,QVQLVQSGAEVKKPGASVKVSCKASGYTFTGYYIHWVRRAPGQGLEWMGWINPNSGGTNYAQKFQGRVTMTRDTSITTAYLELSSLRSDDTAVYYCARGSGYDPFDYWGQGTLVTVSS,ARGSGYDPFDY,11
47,seq47,QVQLVQSGAEVKKPGASVKVSCKASGYTFTGYYIHWVRRAPGQGLEWMGWINPNSGGTNYAQKFQGRVTMTRDTSITTAYLELSSLRSDDTAVYYCAGYGYDPFDYWGQGTLVTVSS,AGYGYDPFDY,10
48,seq48,QVQLVQSGAEVKKPGASVKVSCKASGYTFTGYYIHWVRRAPGQGLEWMGWINPNSGGTNYAQKFQGRVTMTRDTSITTAYLELSSLRSDDTAVYYCARGSGYPFDYWGQGTLVTVSS,ARGSGYPFDY,10
49,seq49,QVQLVQSGAEVKKPGASVKVSCKASGYTFTGYYIHWVRRAPGQGLEWMGWINPNSGGTNYAQKFQGRVTMTRDTSITTAYLELSSLRSDDTAVYYCARARGYSGDPDYWGQGTLVTVSS,ARARGYSGDPDY,12
50,seq50,QVQLVQSGAEVKKPGASVKVSCKASGYTFTGYYIHWVRRAPGQGLEWMGWINPNSGGTNYAQKFQGRVTMTRDTSITTAYLELSSLRSDDTAVYYCARARGYSYDFDYWGQGTLVTVSS,ARARGYSYDFDY,12
51,seq51,QVQLVQSGAEVKKPGASVKVSCKASGYTFTGYYIHWVRRAPGQGLEWMGWINPNSGGTNYAQKFQGRVTMTRDTSITTAYLELSSLRSDDTAVYYCARASGDPFDWGQGTLVTVSS,ARASGDPFD,9
52,seq52,QVQLVQSGAEVKKPGASVKVSCKASGYTFTGYYIHWVRRAPGQGLEWMGWINPNSGGTNYAQKFQGRVTMTRDTSITTAYLELSSLRSDDTAVYYCARARGYSGYDPFDYWGQGTLVTVSS,ARARGYSGYDPFDY,14
53,seq53,QVQLVQSGAEVKKPGASVKVSCKASGYTFTGYYIHWVRRAPGQGLEWMGWINPNSGGTNYAQKFQGRVTMTRDTSITTAYLELSSLRSDDTAVYYCARARGYSGYDFDYWGQGTLVTVSS,ARARGYSGYDFDY,13
54,seq54,QVQLVQSGAEVKKPGASVKVSCKASGYTFTGYYIHWVRRAPGQGLEWMGWINPNSGGTNYAQKFQGRVTMTRDTSITTAYLELSSLRSDDTAVYYCARARGYSGDPFDWGQGTLVTVSS,ARARGYSGDPFD,12
55,seq55,QVQLVQSGAEVKKPGASVKVSCKASGYTFTGYYIHWVRRAPGQGLEWMGWINPNSGGTNYAQKFQGRVTMTRDTSITTAYLELSSLRSDDTAVYYCARAGYSYDPDYWGQGTLVTVSS,ARAGYSYDPDY,11
56,seq56,QVQLVQSGAEVKKPGASVKVSCKASGYTFTGYYIHWVRRAPGQGLEWMGWINPNSGGTNYAQKFQGRVTMTRDTSITTAYLELSSLRSDDTAVYYCARARYSYDPFDWGQGTLVTVSS,ARARYSYDPFD,11
57,seq57,QVQLVQSGAEVKKPGASVKVSCKASGYTFTGYYIHWVRRAPGQGLEWMGWINPNSGGTNYAQKFQGRVTMTRDTSITTAYLELSSLRSDDTAVYYCARARGYSGYDPFDWGQGTLVTVSS,ARARGYSGYDPFD,13
58,seq58,QVQLVQSGAEVKKPGASVKVSCKASGYTFTGYYIHWVRRAPGQGLEWMGWINPNSGGTNYAQKFQGRVTMTRDTSITTAYLELSSLRSDDTAVYYCARARGYSGDPDYWGQGTLVTVSS,ARARGYSGDPDY,12
59,seq59,QVQLVQSGAEVKKPGASVKVSCKASGYTFTGYYIHWVRRAPGQGLEWMGWINPNSGGTNYAQKFQGRVTMTRDTSITTAYLELSSLRSDDTAVYYCAARGYSGDFDYWGQGTLVTVSS,AARGYSGDFDY,11
60,seq60,QVQLVQSGAEVKKPGASVKVSCKASGYTFTGYYIHWVRRAPGQGLEWMGWINPNSGGTNYAQKFQGRVTMTRDTSITTAYLELSSLRSDDTAVYYCAGYSGPFDWGQGTLVTVSS,AGYSGPFD,8
61,seq61,QVQLVQSGAEVKKPGASVKVSCKASGYTFTGYYIHWVRRAPGQGLEWMGWINPNSGGTNYAQKFQGRVTMTRDTSITTAYLELSSLRSDDTAVYYCARRGSGYDPDYWGQGTLVTVSS,ARRGSGYDPDY,11
62,seq62,QVQLVQSGAEVKKPGASVKVSCKASGYTFTGYYIHWVRRAPGQGLEWMGWINPNSGGTNYAQKFQGRVTMTRDTSITTAYLELSSLRSDDTAVYYCAAGYSGYDPFDYWGQGTLVTVSS,AAGYSGYDPFDY,12
63,seq63,QVQLVQSGAEVKKPGASVKVSCKASGYTFTGYYIHWVRRAPGQGLEWMGWINPNSGGTNYAQKFQGRVTMTRDTSITTAYLELSSLRSDDTAVYYCARARGYSGYDPFDYWGQGTLVTVSS,ARARGYSGYDPFDY,14
64,seq64,QVQLVQSGAEVKKPGASVKVSCKASGYTFTGYYIHWVRRAPGQGLEWMGWINPNSGGTNYAQKFQGRVTMTRDTSITTAYLELSSLRSDDTAVYYCARARGGYDPFDYWGQGTLVTVSS,ARARGGYDPFDY,12
65,seq65,QVQLVQSGAEVKKPGASVKVSCKASGYTFTGYYIHWVRRAPGQGLEWMGWINPNSGGTNYAQKFQGRVTMTRDTSITTAYLELSSLRSDDTAVYYCARARGSGDPDYWGQGTLVTVSS,ARARGSGDPDY,11
66,seq66,QVQLVQSGAEVKKPGASVKVSCKASGYTFTGYYIHWVRRAPGQGLEWMGWINPNSGGTNYAQKFQGRVTMTRDTSITTAYLELSSLRSDDTAVYYCARARYSGYDPDYWGQGTLVTVSS,ARARYSGYDPDY,12
67,seq67,QVQLVQSGAEVKKPGASVKVSCKASGYTFTGYYIHWVRRAPGQGLEWMGWINPNSGGTNYAQKFQGRVTMTRDTSITTAYLELSSLRSDDTAVYYCARRGYSGDPFDWGQGTLVTVSS,ARRGYSGDPFD,11
68,seq68,QVQLVQSGAEVKKPGASVKVSCKASGYTFTGYYIHWVRRAPGQGLEWMGWINPNSGGTNYAQKFQGRVTMTRDTSITTAYLELSSLRSDDTAVYYCARARGYGYFDYWGQGTLVTVSS,ARARGYGYFDY,11
69,seq69,QVQLVQSGAEVKKPGASVKVSCKASGYTFTGYYIHWVRRAPGQGLEWMGWINPNSGGTNYAQKFQGRVTMTRDTSITTAYLELSSLRSDDTAVYYCARRGYSGYDPFYWGQGTLVTVSS,ARRGYSGYDPFY,12
70,seq70,QVQLVQSGAEVKKPGASVKVSCKASGYTFTGYYIHWVRRAPGQGLEWMGWINPNSGGTNYAQKFQGRVTMTRDTSITTAYLELSSLRSDDTAVYYCARRYSGYDPFYWGQGTLVTVSS,ARRYSGYDPFY,11
71,seq71,QVQLVQSGAEVKKPGASVKVSCKASGYTFTGYYIHWVRRAPGQGLEWMGWINPNSGGTNYAQKFQGRVTMTRDTSITTAYLELSSLRSDDTAVYYCARRGYSGYDPFWGQGTLVTVSS,ARRGYSGYDPF,11
72,seq72,QVQLVQSGAEVKKPGASVKVSCKASGYTFTGYYIHWVRRAPGQGLEWMGWINPNSGGTNYAQKFQGRVTMTRDTSITTAYLELSSLRSDDTAVYYCARRGSGYDPFDYWGQGTLVTVSS,ARRGSGYDPFDY,12
73,seq73,QVQLVQSGAEVKKPGASVKVSCKASGYTFTGYYIHWVRRAPGQGLEWMGWINPNSGGTNYAQKFQGRVTMTRDTSITTAYLELSSLRSDDTAVYYCARARGYGYDPFWGQGTLVTVSS,ARARGYGYDPF,11
74,seq74,QVQLVQSGAEVKKPGASVKVSCKASGYTFTGYYIHWVRRAPGQGLEWMGWINPNSGGTNYAQKFQGRVTMTRDTSITTAYLELSSLRSDDTAVYYCARARGYDPFDYWGQGTLVTVSS,ARARGYDPFDY,11
75,seq75,QVQLVQSGAEVKKPGASVKVSCKASGYTFTGYYIHWVRRAPGQGLEWMGWINPNSGGTNYAQKFQGRVTMTRDTSITTAYLELSSLRSDDTAVYYCARARGSGYDPFYWGQGTLVTVSS,ARARGSGYDPFY,12
76,seq76,QVQLVQSGAEVKKPGASVKVSCKASGYTFTGYYIHWVRRAPGQGLEWMGWINPNSGGTNYAQKFQGRVTMTRDTSITTAYLELSSLRSDDTAVYYCRARGSGYDPFDYWGQGTLVTVSS,RARGSGYDPFDY,12
77,seq77,QVQLVQSGAEVKKPGASVKVSCKASGYTFTGYYIHWVRRAPGQGLEWMGWINPNSGGTNYAQKFQGRVTMTRDTSITTAYLELSSLRSDDTAVYYCARARGYSDFDYWGQGTLVTVSS,ARARGYSDFDY,11
78,seq78,QVQLVQSGAEVKKPGASVKVSCKASGYTFTGYYIHWVRRAPGQGLEWMGWINPNSGGTNYAQKFQGRVTMTRDTSITTAYLELSSLRSDDTAVYYCARARGYSGYDPFDYWGQGTLVTVSS,ARARGYSGYDPFDY,14
79,seq79,QVQLVQSGAEVKKPGASVKVSCKASGYTFTGYYIHWVRRAPGQGLEWMGWINPNSGGTNYAQKFQGRVTMTRDTSITTAYLELSSLRSDDTAVYYCRARGYSGYDPFDYWGQGTLVTVSS,RARGYSGYDPFDY,13
80,seq80,QVQLVQSGAEVKKPGASVKVSCKASGYTFTGYYIHWVRRAPGQGLEWMGWINPNSGGTNYAQKFQGRVTMTRDTSITTAYLELSSLRSDDTAVYYCRARGYSGYDPFDYWGQGTLVTVSS,RARGYSGYDPFDY,13
81,seq81,QVQLVQSGAEVKKPGASVKVSCKASGYTFTGYYIHWVRRAPGQGLEWMGWINPNSGGTNYAQKFQGRVTMTRDTSITTAYLELSSLRSDDTAVYYCRGYSYPFDYWGQGTLVTVSS,RGYSYPFDY,9
82,seq82,QVQLVQSGAEVKKPGASVKVSCKASGYTFTGYYIHWVRRAPGQGLEWMGWINPNSGGTNYAQKFQGRVTMTRDTSITTAYLELSSLRSDDTAVYYCARARGYSGYDPFDYWGQGTLVTVSS,ARARGYSGYDPFDY,14
83,seq83,QVQLVQSGAEVKKPGASVKVSCKASGYTFTGYYIHWVRRAPGQGLEWMGWINPNSGGTNYAQKFQGRVTMTRDTSITTAYLELSSLRSDDTAVYYCAARGYGYPFDYWGQGTLVTVSS,AARGYGYPFDY,11
84,seq84,QVQLVQSGAEVKKPGASVKVSCKASGYTFTGYYIHWVRRAPGQGLEWMGWINPNSGGTNYAQKFQGRVTMTRDTSITTAYLELSSLRSDDTAVYYCARARGYSGYDFDYWGQGTLVTVSS,ARARGYSGYDFDY,13
85,seq85,QVQLVQSGAEVKKPGASVKVSCKASGYTFTGYYIHWVRRAPGQGLEWMGWINPNSGGTNYAQKFQGRVTMTRDTSITTAYLELSSLRSDDTAVYYCARRYYDPFDYWGQGTLVTVSS,ARRYYDPFDY,10
86,seq86,QVQLVQSGAEVKKPGASVKVSCKASGYTFTGYYIHWVRRAPGQGLEWMGWINPNSGGTNYAQKFQGRVTMTRDTSITTAYLELSSLRSDDTAVYYCAYSGYDPFDWGQGTLVTVSS,AYSGYDPFD,9
87,seq87,QVQLVQSGAEVKKPGASVKVSCKASGYTFTGYYIHWVRRAPGQGLEWMGWINPNSGGTNYAQKFQGRVTMTRDTSITTAYLELSSLRSDDTAVYYCARARGYYDPDYWGQGTLVTVSS,ARARGYYDPDY,11
88,seq88,QVQLVQSGAEVKKPGASVKVSCKASGYTFTGYYIHWVRRAPGQGLEWMGWINPNSGGTNYAQKFQGRVTMTRDTSITTAYLELSSLRSDDTAVYYCARAGYSGYDFYWGQGTLVTVSS,ARAGYSGYDFY,11
89,seq89,QVQLVQSGAEVKKPGASVKVSCKASGYTFTGYYIHWVRRAPGQGLEWMGWINPNSGGTNYAQKFQGRVTMTRDTSITTAYLELSSLRSDDTAVYYCARRYDFDYWGQGTLVTVSS,ARRYDFDY,8
90,seq90,QVQLVQSGAEVKKPGASVKVSCKASGYTFTGYYIHWVRRAPGQGLEWMGWINPNSGGTNYAQKFQGRVTMTRDTSITTAYLELSSLRSDDTAVYYCARRGGYDPFYWGQGTLVTVSS,ARRGGYDPFY,10
91,seq91,QVQLVQSGAEVKKPGASVKVSCKASGYTFTGYYIHWVRRAPGQGLEWMGWINPNSGGTNYAQKFQGRVTMTRDTSITTAYLELSSLRSDDTAVYYCARAGYSYDFDWGQGTLVTVSS,ARAGYSYDFD,10
92,seq92,QVQLVQSGAEVKKPGASVKVSCKASGYTFTGYYIHWVRRAPGQGLEWMGWINPNSGGTNYAQKFQGRVTMTRDTSITTAYLELSSLRSDDTAVYYCARGYSGYDFDYWGQGTLVTVSS,ARGYSGYDFDY,11
93,seq93,QVQLVQSGAEVKKPGASVKVSCKASGYTFTGYYIHWVRRAPGQGLEWMGWINPNSGGTNYAQKFQGRVTMTRDTSITTAYLELSSLRSDDTAVYYCARAGYGYDPFDYWGQGTLVTVSS,ARAGYGYDPFDY,12
94,seq94,QVQLVQSGAEVKKPGASVKVSCKASGYTFTGYYIHWVRRAPGQGLEWMGWINPNSGGTNYAQKFQGRVTMTRDTSITTAYLELSSLRSDDTAVYYCARRGYSGYDFYWGQGTLVTVSS,ARRGYSGYDFY,11
95,seq95,QVQLVQSGAEVKKPGASVKVSCKASGYTFTGYYIHWVRRAPGQGLEWMGWINPNSGGTNYAQKFQGRVTMTRDTSITTAYLELSSLRSDDTAVYYCARARGYSYDFDYWGQGTLVTVSS,ARARGYSYDFDY,12
96,seq96,QVQLVQSGAEVKKPGASVKVSCKASGYTFTGYYIHWVRRAPGQGLEWMGWINPNSGGTNYAQKFQGRVTMTRDTSITTAYLELSSLRSDDTAVYYCAARGYSGYDPFDYWGQGTLVTVSS,AARGYSGYDPFDY,13
97,seq97,QVQLVQSGAEVKKPGASVKVSCKASGYTFTGYYIHWVRRAPGQGLEWMGWINPNSGGTNYAQKFQGRVTMTRDTSITTAYLELSSLRSDDTAVYYCARARGYSGYDPFDYWGQGTLVTVSS,ARARGYSGYDPFDY,14
98,seq98,QVQLVQSGAEVKKPGASVKVSCKASGYTFTGYYIHWVRRAPGQGLEWMGWINPNSGGTNYAQKFQGRVTMTRDTSITTAYLELSSLRSDDTAVYYCRAGYSGPFDWGQGTLVTVSS,RAGYSGPFD,9
99,seq99,QVQLVQSGAEVKKPGASVKVSCKASGYTFTGYYIHWVRRAPGQGLEWMGWINPNSGGTNYAQKFQGRVTMTRDTSITTAYLELSSLRSDDTAVYYCARRSGYDPFDYWGQGTLVTVSS,ARRSGYDPFDY,11
100,seq100,QVQLVQSGAEVKKPGASVKVSCKASGYTFTGYYIHWVRRAPGQGLEWMGWINPNSGGTNYAQKFQGRVTMTRDTSITTAYLELSSLRSDDTAVYYCRARYSGYPFDYWGQGTLVTVSS,RARYSGYPFDY,11
101,seq101,QVQLVQSGAEVKKPGASVKVSCKASGYTFTGYYIHWVRRAPGQGLEWMGWINPNSGGTNYAQKFQGRVTMTRDTSITTAYLELSSLRSDDTAVYYCARARYSGYPDWGQGTLVTVSS,ARARYSGYPD,10
102,seq102,QVQLVQSGAEVKKPGASVKVSCKASGYTFTGYYIHWVRRAPGQGLEWMGWINPNSGGTNYAQKFQGRVTMTRDTSITTAYLELSSLRSDDTAVYYCRAGSGDPFDYWGQGTLVTVSS,RAGSGDPFDY,10
103,seq103,QVQLVQSGAEVKKPGASVKVSCKASGYTFTGYYIHWVRRAPGQGLEWMGWINPNSGGTNYAQKFQGRVTMTRDTSITTAYLELSSLRSDDTAVYYCARARGYSYDPFDYWGQGTLVTVSS,ARARGYSYDPFDY,13
104,seq104,QVQLVQSGAEVKKPGASVKVSCKASGYTFTGYYIHWVRRAPGQGLEWMGWINPNSGGTNYAQKFQGRVTMTRDTSITTAYLELSSLRSDDTAVYYCARARGYSGPFDYWGQGTLVTVSS,ARARGYSGPFDY,12
105,seq105,QVQLVQSGAEVKKPGASVKVSCKASGYTFTGYYIHWVRRAPGQGLEWMGWINPNSGGTNYAQKFQGRVTMTRDTSITTAYLELSSLRSDDTAVYYCARARGSGYDPYWGQGTLVTVSS,ARARGSGYDPY,11
106,seq106,QVQLVQSGAEVKKPGASVKVSCKASGYTFTGYYIHWVRRAPGQGLEWMGWINPNSGGTNYAQKFQGRVTMTRDTSITTAYLELSSLRSDDTAVYYCARARGYSYDPFDYWGQGTLVTVSS,ARARGYSYDPFDY,13
107,seq107,QVQLVQSGAEVKKPGASVKVSCKASGYTFTGYYIHWVRRAPGQGLEWMGWINPNSGGTNYAQKFQGRVTMTRDTSITTAYLELSSLRSDDTAVYYCRARGYSGYDPFDYWGQGTLVTVSS,RARGYSGYDPFDY,13
108,seq108,QVQLVQSGAEVKKPGASVKVSCKASGYTFTGYYIHWVRRAPGQGLEWMGWINPNSGGTNYAQKFQGRVTMTRDTSITTAYLELSSLRSDDTAVYYCARRSGYDPFDYWGQGTLVTVSS,ARRSGYDPFDY,11
109,seq109,QVQLVQSGAEVKKPGASVKVSCKASGYTFTGYYIHWVRRAPGQGLEWMGWINPNSGGTNYAQKFQGRVTMTRDTSITTAYLELSSLRSDDTAVYYCAARGYSGYDPYWGQGTLVTVSS,AARGYSGYDPY,11
110,seq110,QVQLVQSGAEVKKPGASVKVSCKASGYTFTGYYIHWVRRAPGQGLEWMGWINPNSGGTNYAQKFQGRVTMTRDTSITTAYLELSSLRSDDTAVYYCARARGYGYDPWGQGTLVTVSS,ARARGYGYDP,10
111,seq111,QVQLVQSGAEVKKPGASVKVSCKASGYTFTGYYIHWVRRAPGQGLEWMGWINPNSGGTNYAQKFQGRVTMTRDTSITTAYLELSSLRSDDTAVYYCARAGSGYDPFYWGQGTLVTVSS,ARAGSGYDPFY,11
112,seq112,QVQLVQSGAEVKKPGASVKVSCKASGYTFTGYYIHWVRRAPGQGLEWMGWINPNSGGTNYAQKFQGRVTMTRDTSITTAYLELSSLRSDDTAVYYCARARGYGYDPWGQGTLVTVSS,ARARGYGYDP,10
113,seq113,QVQLVQSGAEVKKPGASVKVSCKASGYTFTGYYIHWVRRAPGQGLEWMGWINPNSGGTNYAQKFQGRVTMTRDTSITTAYLELSSLRSDDTAVYYCAARGYSYDPDWGQGTLVTVSS,AARGYSYDPD,10
114,seq114,QVQLVQSGAEVKKPGASVKVSCKASGYTFTGYYIHWVRRAPGQGLEWMGWINPNSGGTNYAQKFQGRVTMTRDTSITTAYLELSSLRSDDTAVYYCARARGYSGYDPFDYWGQGTLVTVSS,ARARGYSGYDPFDY,14
115,seq115,QVQLVQSGAEVKKPGASVKVSCKASGYTFTGYYIHWVRRAPGQGLEWMGWINPNSGGTNYAQKFQGRVTMTRDTSITTAYLELSSLRSDDTAVYYCARARGYSGYPFDYWGQGTLVTVSS,ARARGYSGYPFDY,13
116,seq116,QVQLVQSGAEVKKPGASVKVSCKASGYTFTGYYIHWVRRAPGQGLEWMGWINPNSGGTNYAQKFQGRVTMTRDTSITTAYLELSSLRSDDTAVYYCARARGYSYDPYWGQGTLVTVSS,ARARGYSYDPY,11
117,seq117,QVQLVQSGAEVKKPGASVKVSCKASGYTFTGYYIHWVRRAPGQGLEWMGWINPNSGGTNYAQKFQGRVTMTRDTSITTAYLELSSLRSDDTAVYYCAARGYGDPFDYWGQGTLVTVSS,AARGYGDPFDY,11
118,seq118,QVQLVQSGAEVKKPGASVKVSCKASGYTFTGYYIHWVRRAPGQGLEWMGWINPNSGGTNYAQKFQGRVTMTRDTSITTAYLELSSLRSDDTAVYYCARARGGYDFDYWGQGTLVTVSS,ARARGGYDFDY,11
119,seq119,QVQLVQSGAEVKKPGASVKVSCKASGYTFTGYYIHWVRRAPGQGLEWMGWINPNSGGTNYAQKFQGRVTMTRDTSITTAYLELSSLRSDDTAVYYCARYDPFDYWGQGTLVTVSS,ARYDPFDY,8
120,seq120,QVQLVQSGAEVKKPGASVKVSCKASGYTFTGYYIHWVRRAPGQGLEWMGWINPNSGGTNYAQKFQGRVTMTRDTSITTAYLELSSLRSDDTAVYYCARRGSGDPFDYWGQGTLVTVSS,ARRGSGDPFDY,11
121,seq121,QVQLVQSGAEVKKPGASVKVSCKASGYTFTGYYIHWVRRAPGQGLEWMGWINPNSGGTNYAQKFQGRVTMTRDTSITTAYLELSSLRSDDTAVYYCAARGYSGYDFDYWGQGTLVTVSS,AARGYSGYDFDY,12
122,seq122,QVQLVQSGAEVKKPGASVKVSCKASGYTFTGYYIHWVRRAPGQGLEWMGWINPNSGGTNYAQKFQGRVTMTRDTSITTAYLELSSLRSDDTAVYYCAARGSGYDPFDYWGQGTLVTVSS,AARGSGYDPFDY,12
123,seq123,QVQLVQSGAEVKKPGASVKVSCKASGYTFTGYYIHWVRRAPGQGLEWMGWINPNSGGTNYAQKFQGRVTMTRDTSITTAYLELSSLRSDDTAVYYCRARGYSGYDPFDWGQGTLVTVSS,RARGYSGYDPFD,12
124,seq124,QVQLVQSGAEVKKPGASVKVSCKASGYTFTGYYIHWVRRAPGQGLEWMGWINPNSGGTNYAQKFQGRVTMTRDTSITTAYLELSSLRSDDTAVYYCARRYSGYDPFDWGQGTLVTVSS,ARRYSGYDPFD,11
125,seq125,QVQLVQSGAEVKKPGASVKVSCKASGYTFTGYYIHWVRRAPGQGLEWMGWINPNSGGTNYAQKFQGRVTMTRDTSITTAYLELSSLRSDDTAVYYCARARGYGYDPFDYWGQGTLVTVSS,ARARGYGYDPFDY,13
126,seq126,QVQLVQSGAEVKKPGASVKVSCKASGYTFTGYYIHWVRRAPGQGLEWMGWINPNSGGTNYAQKFQGRVTMTRDTSITTAYLELSSLRSDDTAVYYCARARGYGYDPFYWGQGTLVTVSS,ARARGYGYDPFY,12
127,seq127,QVQLVQSGAEVKKPGASVKVSCKASGYTFTGYYIHWVRRAPGQGLEWMGWINPNSGGTNYAQKFQGRVTMTRDTSITTAYLELSSLRSDDTAVYYCARARGYSGDPFDYWGQGTLVTVSS,ARARGYSGDPFDY,13
128,seq128,QVQLVQSGAEVKKPGASVKVSCKASGYTFTGYYIHWVRRAPGQGLEWMGWINPNSGGTNYAQKFQGRVTMTRDTSITTAYLELSSLRSDDTAVYYCAARGSGPFDYWGQGTLVTVSS,AARGSGPFDY,10
129,seq129,QVQLVQSGAEVKKPGASVKVSCKASGYTFTGYYIHWVRRAPGQGLEWMGWINPNSGGTNYAQKFQGRVTMTRDTSITTAYLELSSLRSDDTAVYYCARAGSYDPFDWGQGTLVTVSS,ARAGSYDPFD,10
130,seq130,QVQLVQSGAEVKKPGASVKVSCKASGYTFTGYYIHWVRRAPGQGLEWMGWINPNSGGTNYAQKFQGRVTMTRDTSITTAYLELSSLRSDDTAVYYCRARGYSYDPFWGQGTLVTVSS,RARGYSYDPF,10
131,seq131,QVQLVQSGAEVKKPGASVKVSCKASGYTFTGYYIHWVRRAPGQGLEWMGWINPNSGGTNYAQKFQGRVTMTRDTSITTAYLELSSLRSDDTAVYYCAYSGYDPDYWGQGTLVTVSS,AYSGYDPDY,9
132,seq132,QVQLVQSGAEVKKPGASVKVSCKASGYTFTGYYIHWVRRAPGQGLEWMGWINPNSGGTNYAQKFQGRVTMTRDTSITTAYLELSSLRSDDTAVYYCARARGYSGYPFDYWGQGTLVTVSS,ARARGYSGYPFDY,13
133,seq133,QVQLVQSGAEVKKPGASVKVSCKASGYTFTGYYIHWVRRAPGQGLEWMGWINPNSGGTNYAQKFQGRVTMTRDTSITTAYLELSSLRSDDTAVYYCARRGSGYDPFDWGQGTLVTVSS,ARRGSGYDPFD,11
134,seq134,QVQLVQSGAEVKKPGASVKVSCKASGYTFTGYYIHWVRRAPGQGLEWMGWINPNSGGTNYAQKFQGRVTMTRDTSITTAYLELSSLRSDDTAVYYCARAYSGYDFDYWGQGTLVTVSS,ARAYSGYDFDY,11
135,seq135,QVQLVQSGAEVKKPGASVKVSCKASGYTFTGYYIHWVRRAPGQGLEWMGWINPNSGGTNYAQKFQGRVTMTRDTSITTAYLELSSLRSDDTAVYYCAARGSGYPDYWGQGTLVTVSS,AARGSGYPDY,10
136,seq136,QVQLVQSGAEVKKPGASVKVSCKASGYTFTGYYIHWVRRAPGQGLEWMGWINPNSGGTNYAQKFQGRVTMTRDTSITTAYLELSSLRSDDTAVYYCARAGYSGDFDYWGQGTLVTVSS,ARAGYSGDFDY,11
137,seq137,QVQLVQSGAEVKKPGASVKVSCKASGYTFTGYYIHWVRRAPGQGLEWMGWINPNSGGTNYAQKFQGRVTMTRDTSITTAYLELSSLRSDDTAVYYCRARYSGYDPFYWGQGTLVTVSS,RARYSGYDPFY,11
138,seq138,QVQLVQSGAEVKKPGASVKVSCKASGYTFTGYYIHWVRRAPGQGLEWMGWINPNSGGTNYAQKFQGRVTMTRDTSITTAYLELSSLRSDDTAVYYCRARGYSGYFDYWGQGTLVTVSS,RARGYSGYFDY,11
139,seq139,QVQLVQSGAEVKKPGASVKVSCKASGYTFTGYYIHWVRRAPGQGLEWMGWINPNSGGTNYAQKFQGRVTMTRDTSITTAYLELSSLRSDDTAVYYCRARGSGYDPFDYWGQGTLVTVSS,RARGSGYDPFDY,12
140,seq140,QVQLVQSGAEVKKPGASVKVSCKASGYTFTGYYIHWVRRAPGQGLEWMGWINPNSGGTNYAQKFQGRVTMTRDTSITTAYLELSSLRSDDTAVYYCARRGYSGYDPFDWGQGTLVTVSS,ARRGYSGYDPFD,12
141,seq141,QVQLVQSGAEVKKPGASVKVSCKASGYTFTGYYIHWVRRAPGQGLEWMGWINPNSGGTNYAQKFQGRVTMTRDTSITTAYLELSSLRSDDTAVYYCRARGYSGDPFYWGQGTLVTVSS,RARGYSGDPFY,11
142,seq142,QVQLVQSGAEVKKPGASVKVSCKASGYTFTGYYIHWVRRAPGQGLEWMGWINPNSGGTNYAQKFQGRVTMTRDTSITTAYLELSSLRSDDTAVYYCRAGYGYDPFDYWGQGTLVTVSS,RAGYGYDPFDY,11
143,seq143,QVQLVQSGAEVKKPGASVKVSCKASGYTFTGYYIHWVRRAPGQGLEWMGWINPNSGGTNYAQKFQGRVTMTRDTSITTAYLELSSLRSDDTAVYYCARRGYDPFDYWGQGTLVTVSS,ARRGYDPFDY,10
144,seq144,QVQLVQSGAEVKKPGASVKVSCKASGYTFTGYYIHWVRRAPGQGLEWMGWINPNSGGTNYAQKFQGRVTMTRDTSITTAYLELSSLRSDDTAVYYCAAYSGYDFDYWGQGTLVTVSS,AAYSGYDFDY,10
145,seq145,QVQLVQSGAEVKKPGASVKVSCKASGYTFTGYYIHWVRRAPGQGLEWMGWINPNSGGTNYAQKFQGRVTMTRDTSITTAYLELSSLRSDDTAVYYCRRGSYYWGQGTLVTVSS,RRGSYY,6
146,seq146,QVQLVQSGAEVKKPGASVKVSCKASGYTFTGYYIHWVRRAPGQGLEWMGWINPNSGGTNYAQKFQGRVTMTRDTSITTAYLELSSLRSDDTAVYYCRARGYSGYFDYWGQGTLVTVSS,RARGYSGYFDY,11
147,seq147,QVQLVQSGAEVKKPGASVKVSCKASGYTFTGYYIHWVRRAPGQGLEWMGWINPNSGGTNYAQKFQGRVTMTRDTSITTAYLELSSLRSDDTAVYYCARARGYSGPDYWGQGTLVTVSS,ARARGYSGPDY,11
148,seq148,QVQLVQSGAEVKKPGASVKVSCKASGYTFTGYYIHWVRRAPGQGLEWMGWINPNSGGTNYAQKFQGRVTMTRDTSITTAYLELSSLRSDDTAVYYCAGYGYDPFDYWGQGTLVTVSS,AGYGYDPFDY,10
149,seq149,QVQLVQSGAEVKKPGASVKVSCKASGYTFTGYYIHWVRRAPGQGLEWMGWINPNSGGTNYAQKFQGRVTMTRDTSITTAYLELSSLRSDDTAVYYCRARYGFDYWGQGTLVTVSS,RARYGFDY,8
150,seq150,QVQLVQSGAEVKKPGASVKVSCKASGYTFTGYYIHWVRRAPGQGLEWMGWINPNSGGTNYAQKFQGRVTMTRDTSITTAYLELSSLRSDDTAVYYCAARYSGDFWGQGTLVTVSS,AARYSGDF,8
151,seq151,QVQLVQSGAEVKKPGASVKVSCKASGYTFTGYYIHWVRRAPGQGLEWMGWINPNSGGTNYAQKFQGRVTMTRDTSITTAYLELSSLRSDDTAVYYCAARGYSGYDPFYWGQGTLVTVSS,AARGYSGYDPFY,12
152,seq152,QVQLVQSGAEVKKPGASVKVSCKASGYTFTGYYIHWVRRAPGQGLEWMGWINPNSGGTNYAQKFQGRVTMTRDTSITTAYLELSSLRSDDTAVYYCARGSYDPFDWGQGTLVTVSS,ARGSYDPFD,9
153,seq153,QVQLVQSGAEVKKPGASVKVSCKASGYTFTGYYIHWVRRAPGQGLEWMGWINPNSGGTNYAQKFQGRVTMTRDTSITTAYLELSSLRSDDTAVYYCAARYSYDPFDWGQGTLVTVSS,AARYSYDPFD,10
154,seq154,QVQLVQSGAEVKKPGASVKVSCKASGYTFTGYYIHWVRRAPGQGLEWMGWINPNSGGTNYAQKFQGRVTMTRDTSITTAYLELSSLRSDDTAVYYCARARGSYDPFDWGQGTLVTVSS,ARARGSYDPFD,11
155,seq155,QVQLVQSGAEVKKPGASVKVSCKASGYTFTGYYIHWVRRAPGQGLEWMGWINPNSGGTNYAQKFQGRVTMTRDTSITTAYLELSSLRSDDTAVYYCAGYSGYDPDYWGQGTLVTVSS,AGYSGYDPDY,10
156,seq156,QVQLVQSGAEVKKPGASVKVSCKASGYTFTGYYIHWVRRAPGQGLEWMGWINPNSGGTNYAQKFQGRVTMTRDTSITTAYLELSSLRSDDTAVYYCAARGYSYDPFDYWGQGTLVTVSS,AARGYSYDPFDY,12
157,seq157,QVQLVQSGAEVKKPGASVKVSCKASGYTFTGYYIHWVRRAPGQGLEWMGWINPNSGGTNYAQKFQGRVTMTRDTSITTAYLELSSLRSDDTAVYYCARARYSGYDPDYWGQGTLVTVSS,ARARYSGYDPDY,12
158,seq158,QVQLVQSGAEVKKPGASVKVSCKASGYTFTGYYIHWVRRAPGQGLEWMGWINPNSGGTNYAQKFQGRVTMTRDTSITTAYLELSSLRSDDTAVYYCRARGGYDPDYWGQGTLVTVSS,RARGGYDPDY,10
159,seq159,QVQLVQSGAEVKKPGASVKVSCKASGYTFTGYYIHWVRRAPGQGLEWMGWINPNSGGTNYAQKFQGRVTMTRDTSITTAYLELSSLRSDDTAVYYCAARGYSGYDPFDYWGQGTLVTVSS,AARGYSGYDPFDY,13
160,seq160,QVQLVQSGAEVKKPGASVKVSCKASGYTFTGYYIHWVRRAPGQGLEWMGWINPNSGGTNYAQKFQGRVTMTRDTSITTAYLELSSLRSDDTAVYYCARARGSYPYWGQGTLVTVSS,ARARGSYPY,9
161,seq161,QVQLVQSGAEVKKPGASVKVSCKASGYTFTGYYIHWVRRAPGQGLEWMGWINPNSGGTNYAQKFQGRVTMTRDTSITTAYLELSSLRSDDTAVYYCARRGYSGYDPFDYWGQGTLVTVSS,ARRGYSGYDPFDY,13
162,seq162,QVQLVQSGAEVKKPGASVKVSCKASGYTFTGYYIHWVRRAPGQGLEWMGWINPNSGGTNYAQKFQGRVTMTRDTSITTAYLELSSLRSDDTAVYYCARRGYSGDPFDWGQGTLVTVSS,ARRGYSGDPFD,11
163,seq163,QVQLVQSGAEVKKPGASVKVSCKASGYTFTGYYIHWVRRAPGQGLEWMGWINPNSGGTNYAQKFQGRVTMTRDTSITTAYLELSSLRSDDTAVYYCARARGYGYDPFYWGQGTLVTVSS,ARARGYGYDPFY,12
164,seq164,QVQLVQSGAEVKKPGASVKVSCKASGYTFTGYYIHWVRRAPGQGLEWMGWINPNSGGTNYAQKFQGRVTMTRDTSITTAYLELSSLRSDDTAVYYCARRGYSGYDPFWGQGTLVTVSS,ARRGYSGYDPF,11
165,seq165,QVQLVQSGAEVKKPGASVKVSCKASGYTFTGYYIHWVRRAPGQGLEWMGWINPNSGGTNYAQKFQGRVTMTRDTSITTAYLELSSLRSDDTAVYYCAGYSGYDFDYWGQGTLVTVSS,AGYSGYDFDY,10
166,seq166,QVQLVQSGAEVKKPGASVKVSCKASGYTFTGYYIHWVRRAPGQGLEWMGWINPNSGGTNYAQKFQGRVTMTRDTSITTAYLELSSLRSDDTAVYYCARGYSYDPFDYWGQGTLVTVSS,ARGYSYDPFDY,11
167,seq167,QVQLVQSGAEVKKPGASVKVSCKASGYTFTGYYIHWVRRAPGQGLEWMGWINPNSGGTNYAQKFQGRVTMTRDTSITTAYLELSSLRSDDTAVYYCARARSGYPDYWGQGTLVTVSS,ARARSGYPDY,10
168,seq168,QVQLVQSGAEVKKPGASVKVSCKASGYTFTGYYIHWVRRAPGQGLEWMGWINPNSGGTNYAQKFQGRVTMTRDTSITTAYLELSSLRSDDTAVYYCARAGYSGDPFDYWGQGTLVTVSS,ARAGYSGDPFDY,12
169,seq169,QVQLVQSGAEVKKPGASVKVSCKASGYTFTGYYIHWVRRAPGQGLEWMGWINPNSGGTNYAQKFQGRVTMTRDTSITTAYLELSSLRSDDTAVYYCARARGYSGYDPFDYWGQGTLVTVSS,ARARGYSGYDPFDY,14
170,seq170,QVQLVQSGAEVKKPGASVKVSCKASGYTFTGYYIHWVRRAPGQGLEWMGWINPNSGGTNYAQKFQGRVTMTRDTSITTAYLELSSLRSDDTAVYYCARARYSGYDFDYWGQGTLVTVSS,ARARYSGYDFDY,12
171,seq171,QVQLVQSGAEVKKPGASVKVSCKASGYTFTGYYIHWVRRAPGQGLEWMGWINPNSGGTNYAQKFQGRVTMTRDTSITTAYLELSSLRSDDTAVYYCRAGYSYPFDYWGQGTLVTVSS,RAGYSYPFDY,10
172,seq172,QVQLVQSGAEVKKPGASVKVSCKASGYTFTGYYIHWVRRAPGQGLEWMGWINPNSGGTNYAQKFQGRVTMTRDTSITTAYLELSSLRSDDTAVYYCAARGYSYPFYWGQGTLVTVSS,AARGYSYPFY,10
173,seq173,QVQLVQSGAEVKKPGASVKVSCKASGYTFTGYYIHWVRRAPGQGLEWMGWINPNSGGTNYAQKFQGRVTMTRDTSITTAYLELSSLRSDDTAVYYCAARGYGYPFYWGQGTLVTVSS,AARGYGYPFY,10
174,seq174,QVQLVQSGAEVKKPGASVKVSCKASGYTFTGYYIHWVRRAPGQGLEWMGWINPNSGGTNYAQKFQGRVTMTRDTSITTAYLELSSLRSDDTAVYYCARRYGYDDYWGQGTLVTVSS,ARRYGYDDY,9
175,seq175,QVQLVQSGAEVKKPGASVKVSCKASGYTFTGYYIHWVRRAPGQGLEWMGWINPNSGGTNYAQKFQGRVTMTRDTSITTAYLELSSLRSDDTAVYYCARYGYFDYWGQGTLVTVSS,ARYGYFDY,8
176,seq176,QVQLVQSGAEVKKPGASVKVSCKASGYTFTGYYIHWVRRAPGQGLEWMGWINPNSGGTNYAQKFQGRVTMTRDTSITTAYLELSSLRSDDTAVYYCARARGYSGYDPFDWGQGTLVTVSS,ARARGYSGYDPFD,13
177,seq177,QVQLVQSGAEVKKPGASVKVSCKASGYTFTGYYIHWVRRAPGQGLEWMGWINPNSGGTNYAQKFQGRVTMTRDTSITTAYLELSSLRSDDTAVYYCARARGSGDPFDYWGQGTLVTVSS,ARARGSGDPFDY,12
178,seq178,QVQLVQSGAEVKKPGASVKVSCKASGYTFTGYYIHWVRRAPGQGLEWMGWINPNSGGTNYAQKFQGRVTMTRDTSITTAYLELSSLRSDDTAVYYCARRGYSGYDPFDYWGQGTLVTVSS,ARRGYSGYDPFDY,13
179,seq179,QVQLVQSGAEVKKPGASVKVSCKASGYTFTGYYIHWVRRAPGQGLEWMGWINPNSGGTNYAQKFQGRVTMTRDTSITTAYLELSSLRSDDTAVYYCARRGYSDFDYWGQGTLVTVSS,ARRGYSDFDY,10
180,seq180,QVQLVQSGAEVKKPGASVKVSCKASGYTFTGYYIHWVRRAPGQGLEWMGWINPNSGGTNYAQKFQGRVTMTRDTSITTAYLELSSLRSDDTAVYYCARARGYSGYDFDYWGQGTLVTVSS,ARARGYSGYDFDY,13
181,seq181,QVQLVQSGAEVKKPGASVKVSCKASGYTFTGYYIHWVRRAPGQGLEWMGWINPNSGGTNYAQKFQGRVTMTRDTSITTAYLELSSLRSDDTAVYYCARARGYGYFDWGQGTLVTVSS,ARARGYGYFD,10
182,seq182,QVQLVQSGAEVKKPGASVKVSCKASGYTFTGYYIHWVRRAPGQGLEWMGWINPNSGGTNYAQKFQGRVTMTRDTSITTAYLELSSLRSDDTAVYYCARARGYSGYDPFDWGQGTLVTVSS,ARARGYSGYDPFD,13
183,seq183,QVQLVQSGAEVKKPGASVKVSCKASGYTFTGYYIHWVRRAPGQGLEWMGWINPNSGGTNYAQKFQGRVTMTRDTSITTAYLELSSLRSDDTAVYYCARARGYGPFDYWGQGTLVTVSS,ARARGYGPFDY,11
184,seq184,QVQLVQSGAEVKKPGASVKVSCKASGYTFTGYYIHWVRRAPGQGLEWMGWINPNSGGTNYAQKFQGRVTMTRDTSITTAYLELSSLRSDDTAVYYCAARYSGYDPFYWGQGTLVTVSS,AARYSGYDPFY,11
185,seq185,QVQLVQSGAEVKKPGASVKVSCKASGYTFTGYYIHWVRRAPGQGLEWMGWINPNSGGTNYAQKFQGRVTMTRDTSITTAYLELSSLRSDDTAVYYCARARGYSGYDPFDYWGQGTLVTVSS,ARARGYSGYDPFDY,14
186,seq186,QVQLVQSGAEVKKPGASVKVSCKASGYTFTGYYIHWVRRAPGQGLEWMGWINPNSGGTNYAQKFQGRVTMTRDTSITTAYLELSSLRSDDTAVYYCARARGYSGYPFDYWGQGTLVTVSS,ARARGYSGYPFDY,13
187,seq187,QVQLVQSGAEVKKPGASVKVSCKASGYTFTGYYIHWVRRAPGQGLEWMGWINPNSGGTNYAQKFQGRVTMTRDTSITTAYLELSSLRSDDTAVYYCRARGYSYDPFDWGQGTLVTVSS,RARGYSYDPFD,11
188,seq188,QVQLVQSGAEVKKPGASVKVSCKASGYTFTGYYIHWVRRAPGQGLEWMGWINPNSGGTNYAQKFQGRVTMTRDTSITTAYLELSSLRSDDTAVYYCARRGYSGDFDYWGQGTLVTVSS,ARRGYSGDFDY,11
189,seq189,QVQLVQSGAEVKKPGASVKVSCKASGYTFTGYYIHWVRRAPGQGLEWMGWINPNSGGTNYAQKFQGRVTMTRDTSITTAYLELSSLRSDDTAVYYCARGYSGYDPFDWGQGTLVTVSS,ARGYSGYDPFD,11
190,seq190,QVQLVQSGAEVKKPGASVKVSCKASGYTFTGYYIHWVRRAPGQGLEWMGWINPNSGGTNYAQKFQGRVTMTRDTSITTAYLELSSLRSDDTAVYYCARARGYGPFDYWGQGTLVTVSS,ARARGYGPFDY,11
191,seq191,QVQLVQSGAEVKKPGASVKVSCKASGYTFTGYYIHWVRRAPGQGLEWMGWINPNSGGTNYAQKFQGRVTMTRDTSITTAYLELSSLRSDDTAVYYCARARGYSGPDYWGQGTLVTVSS,ARARGYSGPDY,11
192,seq192,QVQLVQSGAEVKKPGASVKVSCKASGYTFTGYYIHWVRRAPGQGLEWMGWINPNSGGTNYAQKFQGRVTMTRDTSITTAYLELSSLRSDDTAVYYCARGYSGYDFDYWGQGTLVTVSS,ARGYSGYDFDY,11
193,seq193,QVQLVQSGAEVKKPGASVKVSCKASGYTFTGYYIHWVRRAPGQGLEWMGWINPNSGGTNYAQKFQGRVTMTRDTSITTAYLELSSLRSDDTAVYYCRARGYSGYDPFDYWGQGTLVTVSS,RARGYSGYDPFDY,13
194,seq194,QVQLVQSGAEVKKPGASVKVSCKASGYTFTGYYIHWVRRAPGQGLEWMGWINPNSGGTNYAQKFQGRVTMTRDTSITTAYLELSSLRSDDTAVYYCARRGYSYDPDYWGQGTLVTVSS,ARRGYSYDPDY,11
195,seq195,QVQLVQSGAEVKKPGASVKVSCKASGYTFTGYYIHWVRRAPGQGLEWMGWINPNSGGTNYAQKFQGRVTMTRDTSITTAYLELSSLRSDDTAVYYCRARGYSYDPFYWGQGTLVTVSS,RARGYSYDPFY,11
196,seq196,QVQLVQSGAEVKKPGASVKVSCKASGYTFTGYYIHWVRRAPGQGLEWMGWINPNSGGTNYAQKFQGRVTMTRDTSITTAYLELSSLRSDDTAVYYCARARGSGYDPFDYWGQGTLVTVSS,ARARGSGYDPFDY,13
197,seq197,QVQLVQSGAEVKKPGASVKVSCKASGYTFTGYYIHWVRRAPGQGLEWMGWINPNSGGTNYAQKFQGRVTMTRDTSITTAYLELSSLRSDDTAVYYCAARGYSYDPFDYWGQGTLVTVSS,AARGYSYDPFDY,12
198,seq198,QVQLVQSGAEVKKPGASVKVSCKASGYTFTGYYIHWVRRAPGQGLEWMGWINPNSGGTNYAQKFQGRVTMTRDTSITTAYLELSSLRSDDTAVYYCRARGSGYDPYWGQGTLVTVSS,RARGSGYDPY,10
199,seq199,QVQLVQSGAEVKKPGASVKVSCKASGYTFTGYYIHWVRRAPGQGLEWMGWINPNSGGTNYAQKFQGRVTMTRDTSITTAYLELSSLRSDDTAVYYCARARGYSYDPFDYWGQGTLVTVSS,ARARGYSYDPFDY,13
200,seq200,QVQLVQSGAEVKKPGASVKVSCKASGYTFTGYYIHWVRRAPGQGLEWMGWINPNSGGTNYAQKFQGRVTMTRDTSITTAYLELSSLRSDDTAVYYCARARGYSYDPFDYWGQGTLVTVSS,ARARGYSYDPFDY,13
201,seq201,QVQLVQSGAEVKKPGASVKVSCKASGYTFTGYYIHWVRRAPGQGLEWMGWINPNSGGTNYAQKFQGRVTMTRDTSITTAYLELSSLRSDDTAVYYCARARYSDFDYWGQGTLVTVSS,ARARYSDFDY,10
202,seq202,QVQLVQSGAEVKKPGASVKVSCKASGYTFTGYYIHWVRRAPGQGLEWMGWINPNSGGTNYAQKFQGRVTMTRDTSITTAYLELSSLRSDDTAVYYCRARYSGYDPFDWGQGTLVTVSS,RARYSGYDPFD,11
203,seq203,QVQLVQSGAEVKKPGASVKVSCKASGYTFTGYYIHWVRRAPGQGLEWMGWINPNSGGTNYAQKFQGRVTMTRDTSITTAYLELSSLRSDDTAVYYCRARGSGDPFDYWGQGTLVTVSS,RARGSGDPFDY,11
204,seq204,QVQLVQSGAEVKKPGASVKVSCKASGYTFTGYYIHWVRRAPGQGLEWMGWINPNSGGTNYAQKFQGRVTMTRDTSITTAYLELSSLRSDDTAVYYCARAGYSYDYWGQGTLVTVSS,ARAGYSYDY,9
205,seq205,QVQLVQSGAEVKKPGASVKVSCKASGYTFTGYYIHWVRRAPGQGLEWMGWINPNSGGTNYAQKFQGRVTMTRDTSITTAYLELSSLRSDDTAVYYCARARGYSGYDPDYWGQGTLVTVSS,ARARGYSGYDPDY,13
206,seq206,QVQLVQSGAEVKKPGASVKVSCKASGYTFTGYYIHWVRRAPGQGLEWMGWINPNSGGTNYAQKFQGRVTMTRDTSITTAYLELSSLRSDDTAVYYCARAGYSGYFYWGQGTLVTVSS,ARAGYSGYFY,10
207,seq207,QVQLVQSGAEVKKPGASVKVSCKASGYTFTGYYIHWVRRAPGQGLEWMGWINPNSGGTNYAQKFQGRVTMTRDTSITTAYLELSSLRSDDTAVYYCARGYSYDPFDYWGQGTLVTVSS,ARGYSYDPFDY,11
208,seq208,QVQLVQSGAEVKKPGASVKVSCKASGYTFTGYYIHWVRRAPGQGLEWMGWINPNSGGTNYAQKFQGRVTMTRDTSITTAYLELSSLRSDDTAVYYCARRGYSGYPFDYWGQGTLVTVSS,ARRGYSGYPFDY,12
209,seq209,QVQLVQSGAEVKKPGASVKVSCKASGYTFTGYYIHWVRRAPGQGLEWMGWINPNSGGTNYAQKFQGRVTMTRDTSITTAYLELSSLRSDDTAVYYCARARYDPFDYWGQGTLVTVSS,ARARYDPFDY,10
210,seq210,QVQLVQSGAEVKKPGASVKVSCKASGYTFTGYYIHWVRRAPGQGLEWMGWINPNSGGTNYAQKFQGRVTMTRDTSITTAYLELSSLRSDDTAVYYCARARYSGYDPFDYWGQGTLVTVSS,ARARYSGYDPFDY,13
211,seq211,QVQLVQSGAEVKKPGASVKVSCKASGYTFTGYYIHWVRRAPGQGLEWMGWINPNSGGTNYAQKFQGRVTMTRDTSITTAYLELSSLRSDDTAVYYCARGYYDPFDYWGQGTLVTVSS,ARGYYDPFDY,10
212,seq212,QVQLVQSGAEVKKPGASVKVSCKASGYTFTGYYIHWVRRAPGQGLEWMGWINPNSGGTNYAQKFQGRVTMTRDTSITTAYLELSSLRSDDTAVYYCARARYSGDPDYWGQGTLVTVSS,ARARYSGDPDY,11
213,seq213,QVQLVQSGAEVKKPGASVKVSCKASGYTFTGYYIHWVRRAPGQGLEWMGWINPNSGGTNYAQKFQGRVTMTRDTSITTAYLELSSLRSDDTAVYYCRRGYSGYDFDYWGQGTLVTVSS,RRGYSGYDFDY,11
214,seq214,QVQLVQSGAEVKKPGASVKVSCKASGYTFTGYYIHWVRRAPGQGLEWMGWINPNSGGTNYAQKFQGRVTMTRDTSITTAYLELSSLRSDDTAVYYCARARGYSYDPYWGQGTLVTVSS,ARARGYSYDPY,11
215,seq215,QVQLVQSGAEVKKPGASVKVSCKASGYTFTGYYIHWVRRAPGQGLEWMGWINPNSGGTNYAQKFQGRVTMTRDTSITTAYLELSSLRSDDTAVYYCARARGSYDPFDWGQGTLVTVSS,ARARGSYDPFD,11
216,seq216,QVQLVQSGAEVKKPGASVKVSCKASGYTFTGYYIHWVRRAPGQGLEWMGWINPNSGGTNYAQKFQGRVTMTRDTSITTAYLELSSLRSDDTAVYYCAARYSYDFDYWGQGTLVTVSS,AARYSYDFDY,10
217,seq217,QVQLVQSGAEVKKPGASVKVSCKASGYTFTGYYIHWVRRAPGQGLEWMGWINPNSGGTNYAQKFQGRVTMTRDTSITTAYLELSSLRSDDTAVYYCARAGYSGYDFDYWGQGTLVTVSS,ARAGYSGYDFDY,12
218,seq218,QVQLVQSGAEVKKPGASVKVSCKASGYTFTGYYIHWVRRAPGQGLEWMGWINPNSGGTNYAQKFQGRVTMTRDTSITTAYLELSSLRSDDTAVYYCARRGYSGYDPFDYWGQGTLVTVSS,ARRGYSGYDPFDY,13
219,seq219,QVQLVQSGAEVKKPGASVKVSCKASGYTFTGYYIHWVRRAPGQGLEWMGWINPNSGGTNYAQKFQGRVTMTRDTSITTAYLELSSLRSDDTAVYYCARAGYSGYDPFYWGQGTLVTVSS,ARAGYSGYDPFY,12
220,seq220,QVQLVQSGAEVKKPGASVKVSCKASGYTFTGYYIHWVRRAPGQGLEWMGWINPNSGGTNYAQKFQGRVTMTRDTSITTAYLELSSLRSDDTAVYYCRASGYDPFYWGQGTLVTVSS,RASGYDPFY,9
221,seq221,QVQLVQSGAEVKKPGASVKVSCKASGYTFTGYYIHWVRRAPGQGLEWMGWINPNSGGTNYAQKFQGRVTMTRDTSITTAYLELSSLRSDDTAVYYCRARYGYDPDYWGQGTLVTVSS,RARYGYDPDY,10
222,seq222,QVQLVQSGAEVKKPGASVKVSCKASGYTFTGYYIHWVRRAPGQGLEWMGWINPNSGGTNYAQKFQGRVTMTRDTSITTAYLELSSLRSDDTAVYYCARRYSGYDPFDYWGQGTLVTVSS,ARRYSGYDPFDY,12
223,seq223,QVQLVQSGAEVKKPGASVKVSCKASGYTFTGYYIHWVRRAPGQGLEWMGWINPNSGGTNYAQKFQGRVTMTRDTSITTAYLELSSLRSDDTAVYYCRAGYSGYDPFDYWGQGTLVTVSS,RAGYSGYDPFDY,12
224,seq224,QVQLVQSGAEVKKPGASVKVSCKASGYTFTGYYIHWVRRAPGQGLEWMGWINPNSGGTNYAQKFQGRVTMTRDTSITTAYLELSSLRSDDTAVYYCAARGSGYPFYWGQGTLVTVSS,AARGSGYPFY,10
225,seq225,QVQLVQSGAEVKKPGASVKVSCKASGYTFTGYYIHWVRRAPGQGLEWMGWINPNSGGTNYAQKFQGRVTMTRDTSITTAYLELSSLRSDDTAVYYCAARGYGYDDYWGQGTLVTVSS,AARGYGYDDY,10
226,seq226,QVQLVQSGAEVKKPGASVKVSCKASGYTFTGYYIHWVRRAPGQGLEWMGWINPNSGGTNYAQKFQGRVTMTRDTSITTAYLELSSLRSDDTAVYYCARARYSGYDFYWGQGTLVTVSS,ARARYSGYDFY,11
227,seq227,QVQLVQSGAEVKKPGASVKVSCKASGYTFTGYYIHWVRRAPGQGLEWMGWINPNSGGTNYAQKFQGRVTMTRDTSITTAYLELSSLRSDDTAVYYCARGGYDPDWGQGTLVTVSS,ARGGYDPD,8
228,seq228,QVQLVQSGAEVKKPGASVKVSCKASGYTFTGYYIHWVRRAPGQGLEWMGWINPNSGGTNYAQKFQGRVTMTRDTSITTAYLELSSLRSDDTAVYYCARAYSGYDFDYWGQGTLVTVSS,ARAYSGYDFDY,11
229,seq229,QVQLVQSGAEVKKPGASVKVSCKASGYTFTGYYIHWVRRAPGQGLEWMGWINPNSGGTNYAQKFQGRVTMTRDTSITTAYLELSSLRSDDTAVYYCARARGYSYPDYWGQGTLVTVSS,ARARGYSYPDY,11
230,seq230,QVQLVQSGAEVKKPGASVKVSCKASGYTFTGYYIHWVRRAPGQGLEWMGWINPNSGGTNYAQKFQGRVTMTRDTSITTAYLELSSLRSDDTAVYYCARARGYSGYDFDYWGQGTLVTVSS,ARARGYSGYDFDY,13
231,seq231,QVQLVQSGAEVKKPGASVKVSCKASGYTFTGYYIHWVRRAPGQGLEWMGWINPNSGGTNYAQKFQGRVTMTRDTSITTAYLELSSLRSDDTAVYYCARARYSGYDPFDYWGQGTLVTVSS,ARARYSGYDPFDY,13
232,seq232,QVQLVQSGAEVKKPGASVKVSCKASGYTFTGYYIHWVRRAPGQGLEWMGWINPNSGGTNYAQKFQGRVTMTRDTSITTAYLELSSLRSDDTAVYYCAARGYSGYDYWGQGTLVTVSS,AARGYSGYDY,10
233,seq233,QVQLVQSGAEVKKPGASVKVSCKASGYTFTGYYIHWVRRAPGQGLEWMGWINPNSGGTNYAQKFQGRVTMTRDTSITTAYLELSSLRSDDTAVYYCRRGYSGYPDYWGQGTLVTVSS,RRGYSGYPDY,10
234,seq234,QVQLVQSGAEVKKPGASVKVSCKASGYTFTGYYIHWVRRAPGQGLEWMGWINPNSGGTNYAQKFQGRVTMTRDTSITTAYLELSSLRSDDTAVYYCARARGYPFYWGQGTLVTVSS,ARARGYPFY,9
235,seq235,QVQLVQSGAEVKKPGASVKVSCKASGYTFTGYYIHWVRRAPGQGLEWMGWINPNSGGTNYAQKFQGRVTMTRDTSITTAYLELSSLRSDDTAVYYCARGSGYDPFYWGQGTLVTVSS,ARGSGYDPFY,10
236,seq236,QVQLVQSGAEVKKPGASVKVSCKASGYTFTGYYIHWVRRAPGQGLEWMGWINPNSGGTNYAQKFQGRVTMTRDTSITTAYLELSSLRSDDTAVYYCARARGSGYDPFYWGQGTLVTVSS,ARARGSGYDPFY,12
237,seq237,QVQLVQSGAEVKKPGASVKVSCKASGYTFTGYYIHWVRRAPGQGLEWMGWINPNSGGTNYAQKFQGRVTMTRDTSITTAYLELSSLRSDDTAVYYCRARYSGYDPFDYWGQGTLVTVSS,RARYSGYDPFDY,12
238,seq238,QVQLVQSGAEVKKPGASVKVSCKASGYTFTGYYIHWVRRAPGQGLEWMGWINPNSGGTNYAQKFQGRVTMTRDTSITTAYLELSSLRSDDTAVYYCARAGYGYDPFDYWGQGTLVTVSS,ARAGYGYDPFDY,12
239,seq239,QVQLVQSGAEVKKPGASVKVSCKASGYTFTGYYIHWVRRAPGQGLEWMGWINPNSGGTNYAQKFQGRVTMTRDTSITTAYLELSSLRSDDTAVYYCARARGYSDPDYWGQGTLVTVSS,ARARGYSDPDY,11
240,seq240,QVQLVQSGAEVKKPGASVKVSCKASGYTFTGYYIHWVRRAPGQGLEWMGWINPNSGGTNYAQKFQGRVTMTRDTSITTAYLELSSLRSDDTAVYYCARRGSGYPDYWGQGTLVTVSS,ARRGSGYPDY,10
241,seq241,QVQLVQSGAEVKKPGASVKVSCKASGYTFTGYYIHWVRRAPGQGLEWMGWINPNSGGTNYAQKFQGRVTMTRDTSITTAYLELSSLRSDDTAVYYCARARGSGYDFDWGQGTLVTVSS,ARARGSGYDFD,11
242,seq242,QVQLVQSGAEVKKPGASVKVSCKASGYTFTGYYIHWVRRAPGQGLEWMGWINPNSGGTNYAQKFQGRVTMTRDTSITTAYLELSSLRSDDTAVYYCRARGYSGPFDYWGQGTLVTVSS,RARGYSGPFDY,11
243,seq243,QVQLVQSGAEVKKPGASVKVSCKASGYTFTGYYIHWVRRAPGQGLEWMGWINPNSGGTNYAQKFQGRVTMTRDTSITTAYLELSSLRSDDTAVYYCRARGYSYDPFDYWGQGTLVTVSS,RARGYSYDPFDY,12
244,seq244,QVQLVQSGAEVKKPGASVKVSCKASGYTFTGYYIHWVRRAPGQGLEWMGWINPNSGGTNYAQKFQGRVTMTRDTSITTAYLELSSLRSDDTAVYYCARARGYSGYDPFDYWGQGTLVTVSS,ARARGYSGYDPFDY,14
245,seq245,QVQLVQSGAEVKKPGASVKVSCKASGYTFTGYYIHWVRRAPGQGLEWMGWINPNSGGTNYAQKFQGRVTMTRDTSITTAYLELSSLRSDDTAVYYCARARYSYDPFYWGQGTLVTVSS,ARARYSYDPFY,11
246,seq246,QVQLVQSGAEVKKPGASVKVSCKASGYTFTGYYIHWVRRAPGQGLEWMGWINPNSGGTNYAQKFQGRVTMTRDTSITTAYLELSSLRSDDTAVYYCARRYSGYDPFYWGQGTLVTVSS,ARRYSGYDPFY,11
247,seq247,QVQLVQSGAEVKKPGASVKVSCKASGYTFTGYYIHWVRRAPGQGLEWMGWINPNSGGTNYAQKFQGRVTMTRDTSITTAYLELSSLRSDDTAVYYCARARGYSGYDPFDYWGQGTLVTVSS,ARARGYSGYDPFDY,14
248,seq248,QVQLVQSGAEVKKPGASVKVSCKASGYTFTGYYIHWVRRAPGQGLEWMGWINPNSGGTNYAQKFQGRVTMTRDTSITTAYLELSSLRSDDTAVYYCARARGYSGYDPFDYWGQGTLVTVSS,ARARGYSGYDPFDY,14
249,seq249,QVQLVQSGAEVKKPGASVKVSCKASGYTFTGYYIHWVRRAPGQGLEWMGWINPNSGGTNYAQKFQGRVTMTRDTSITTAYLELSSLRSDDTAVYYCARARGYSGYDPFDYWGQGTLVTVSS,ARARGYSGYDPFDY,14
250,seq250,QVQLVQSGAEVKKPGASVKVSCKASGYTFTGYYIHWVRRAPGQGLEWMGWINPNSGGTNYAQKFQGRVTMTRDTSITTAYLELSSLRSDDTAVYYCARARYGYDFDYWGQGTLVTVSS,ARARYGYDFDY,11
251,seq251,QVQLVQSGAEVKKPGASVKVSCKASGYTFTGYYIHWVRRAPGQGLEWMGWINPNSGGTNYAQKFQGRVTMTRDTSITTAYLELSSLRSDDTAVYYCRARGSGYDPFDYWGQGTLVTVSS,RARGSGYDPFDY,12
252,seq252,QVQLVQSGAEVKKPGASVKVSCKASGYTFTGYYIHWVRRAPGQGLEWMGWINPNSGGTNYAQKFQGRVTMTRDTSITTAYLELSSLRSDDTAVYYCARARGYSYPFDYWGQGTLVTVSS,ARARGYSYPFDY,12
253,seq253,QVQLVQSGAEVKKPGASVKVSCKASGYTFTGYYIHWVRRAPGQGLEWMGWINPNSGGTNYAQKFQGRVTMTRDTSITTAYLELSSLRSDDTAVYYCARGYSGYDPFDYWGQGTLVTVSS,ARGYSGYDPFDY,12
254,seq254,QVQLVQSGAEVKKPGASVKVSCKASGYTFTGYYIHWVRRAPGQGLEWMGWINPNSGGTNYAQKFQGRVTMTRDTSITTAYLELSSLRSDDTAVYYCARARSGYDPDYWGQGTLVTVSS,ARARSGYDPDY,11
255,seq255,QVQLVQSGAEVKKPGASVKVSCKASGYTFTGYYIHWVRRAPGQGLEWMGWINPNSGGTNYAQKFQGRVTMTRDTSITTAYLELSSLRSDDTAVYYCRAGYSGYDPFDYWGQGTLVTVSS,RAGYSGYDPFDY,12
256,seq256,QVQLVQSGAEVKKPGASVKVSCKASGYTFTGYYIHWVRRAPGQGLEWMGWINPNSGGTNYAQKFQGRVTMTRDTSITTAYLELSSLRSDDTAVYYCARYGDPDYWGQGTLVTVSS,ARYGDPDY,8
257,seq257,QVQLVQSGAEVKKPGASVKVSCKASGYTFTGYYIHWVRRAPGQGLEWMGWINPNSGGTNYAQKFQGRVTMTRDTSITTAYLELSSLRSDDTAVYYCARYGYDPFDYWGQGTLVTVSS,ARYGYDPFDY,10
258,seq258,QVQLVQSGAEVKKPGASVKVSCKASGYTFTGYYIHWVRRAPGQGLEWMGWINPNSGGTNYAQKFQGRVTMTRDTSITTAYLELSSLRSDDTAVYYCAAGYSYDPFDYWGQGTLVTVSS,AAGYSYDPFDY,11
259,seq259,QVQLVQSGAEVKKPGASVKVSCKASGYTFTGYYIHWVRRAPGQGLEWMGWINPNSGGTNYAQKFQGRVTMTRDTSITTAYLELSSLRSDDTAVYYCARRGYSGYDFDYWGQGTLVTVSS,ARRGYSGYDFDY,12
260,seq260,QVQLVQSGAEVKKPGASVKVSCKASGYTFTGYYIHWVRRAPGQGLEWMGWINPNSGGTNYAQKFQGRVTMTRDTSITTAYLELSSLRSDDTAVYYCARAGYSGYDPFYWGQGTLVTVSS,ARAGYSGYDPFY,12
261,seq261,QVQLVQSGAEVKKPGASVKVSCKASGYTFTGYYIHWVRRAPGQGLEWMGWINPNSGGTNYAQKFQGRVTMTRDTSITTAYLELSSLRSDDTAVYYCRARGSGYPFDYWGQGTLVTVSS,RARGSGYPFDY,11
262,seq262,QVQLVQSGAEVKKPGASVKVSCKASGYTFTGYYIHWVRRAPGQGLEWMGWINPNSGGTNYAQKFQGRVTMTRDTSITTAYLELSSLRSDDTAVYYCARARGYSGDPFDWGQGTLVTVSS,ARARGYSGDPFD,12
263,seq263,QVQLVQSGAEVKKPGASVKVSCKASGYTFTGYYIHWVRRAPGQGLEWMGWINPNSGGTNYAQKFQGRVTMTRDTSITTAYLELSSLRSDDTAVYYCAAGYSGYPFDYWGQGTLVTVSS,AAGYSGYPFDY,11
264,seq264,QVQLVQSGAEVKKPGASVKVSCKASGYTFTGYYIHWVRRAPGQGLEWMGWINPNSGGTNYAQKFQGRVTMTRDTSITTAYLELSSLRSDDTAVYYCARYSGYDPFWGQGTLVTVSS,ARYSGYDPF,9
265,seq265,QVQLVQSGAEVKKPGASVKVSCKASGYTFTGYYIHWVRRAPGQGLEWMGWINPNSGGTNYAQKFQGRVTMTRDTSITTAYLELSSLRSDDTAVYYCAARGYSYDPFDYWGQGTLVTVSS,AARGYSYDPFDY,12
266,seq266,QVQLVQSGAEVKKPGASVKVSCKASGYTFTGYYIHWVRRAPGQGLEWMGWINPNSGGTNYAQKFQGRVTMTRDTSITTAYLELSSLRSDDTAVYYCRARGYSGYDPFDWGQGTLVTVSS,RARGYSGYDPFD,12
267,seq267,QVQLVQSGAEVKKPGASVKVSCKASGYTFTGYYIHWVRRAPGQGLEWMGWINPNSGGTNYAQKFQGRVTMTRDTSITTAYLELSSLRSDDTAVYYCAARYSGYDPDYWGQGTLVTVSS,AARYSGYDPDY,11
268,seq268,QVQLVQSGAEVKKPGASVKVSCKASGYTFTGYYIHWVRRAPGQGLEWMGWINPNSGGTNYAQKFQGRVTMTRDTSITTAYLELSSLRSDDTAVYYCAARGYSGDPFDYWGQGTLVTVSS,AARGYSGDPFDY,12
269,seq269,QVQLVQSGAEVKKPGASVKVSCKASGYTFTGYYIHWVRRAPGQGLEWMGWINPNSGGTNYAQKFQGRVTMTRDTSITTAYLELSSLRSDDTAVYYCARGYSGYDPFYWGQGTLVTVSS,ARGYSGYDPFY,11
270,seq270,QVQLVQSGAEVKKPGASVKVSCKASGYTFTGYYIHWVRRAPGQGLEWMGWINPNSGGTNYAQKFQGRVTMTRDTSITTAYLELSSLRSDDTAVYYCAAYSGYDPFYWGQGTLVTVSS,AAYSGYDPFY,10
271,seq271,QVQLVQSGAEVKKPGASVKVSCKASGYTFTGYYIHWVRRAPGQGLEWMGWINPNSGGTNYAQKFQGRVTMTRDTSITTAYLELSSLRSDDTAVYYCARARGSGYDPFDWGQGTLVTVSS,ARARGSGYDPFD,12
272,seq272,QVQLVQSGAEVKKPGASVKVSCKASGYTFTGYYIHWVRRAPGQGLEWMGWINPNSGGTNYAQKFQGRVTMTRDTSITTAYLELSSLRSDDTAVYYCARARGSYDFDYWGQGTLVTVSS,ARARGSYDFDY,11
273,seq273,QVQLVQSGAEVKKPGASVKVSCKASGYTFTGYYIHWVRRAPGQGLEWMGWINPNSGGTNYAQKFQGRVTMTRDTSITTAYLELSSLRSDDTAVYYCARARGYSGYDPFDYWGQGTLVTVSS,ARARGYSGYDPFDY,14
274,seq274,QVQLVQSGAEVKKPGASVKVSCKASGYTFTGYYIHWVRRAPGQGLEWMGWINPNSGGTNYAQKFQGRVTMTRDTSITTAYLELSSLRSDDTAVYYCARAGYSGDPFDYWGQGTLVTVSS,ARAGYSGDPFDY,12
275,seq275,QVQLVQSGAEVKKPGASVKVSCKASGYTFTGYYIHWVRRAPGQGLEWMGWINPNSGGTNYAQKFQGRVTMTRDTSITTAYLELSSLRSDDTAVYYCARYSGYPFYWGQGTLVTVSS,ARYSGYPFY,9
276,seq276,QVQLVQSGAEVKKPGASVKVSCKASGYTFTGYYIHWVRRAPGQGLEWMGWINPNSGGTNYAQKFQGRVTMTRDTSITTAYLELSSLRSDDTAVYYCARARGYGYDPFWGQGTLVTVSS,ARARGYGYDPF,11
277,seq277,QVQLVQSGAEVKKPGASVKVSCKASGYTFTGYYIHWVRRAPGQGLEWMGWINPNSGGTNYAQKFQGRVTMTRDTSITTAYLELSSLRSDDTAVYYCARARGYSYPFDYWGQGTLVTVSS,ARARGYSYPFDY,12
278,seq278,QVQLVQSGAEVKKPGASVKVSCKASGYTFTGYYIHWVRRAPGQGLEWMGWINPNSGGTNYAQKFQGRVTMTRDTSITTAYLELSSLRSDDTAVYYCARARGYGDFYWGQGTLVTVSS,ARARGYGDFY,10
279,seq279,QVQLVQSGAEVKKPGASVKVSCKASGYTFTGYYIHWVRRAPGQGLEWMGWINPNSGGTNYAQKFQGRVTMTRDTSITTAYLELSSLRSDDTAVYYCARARGYGDPFDYWGQGTLVTVSS,ARARGYGDPFDY,12
280,seq280,QVQLVQSGAEVKKPGASVKVSCKASGYTFTGYYIHWVRRAPGQGLEWMGWINPNSGGTNYAQKFQGRVTMTRDTSITTAYLELSSLRSDDTAVYYCARRYSGYDPFDWGQGTLVTVSS,ARRYSGYDPFD,11
281,seq281,QVQLVQSGAEVKKPGASVKVSCKASGYTFTGYYIHWVRRAPGQGLEWMGWINPNSGGTNYAQKFQGRVTMTRDTSITTAYLELSSLRSDDTAVYYCARARGYSGYPFDYWGQGTLVTVSS,ARARGYSGYPFDY,13
282,seq282,QVQLVQSGAEVKKPGASVKVSCKASGYTFTGYYIHWVRRAPGQGLEWMGWINPNSGGTNYAQKFQGRVTMTRDTSITTAYLELSSLRSDDTAVYYCARAGYSGYPYWGQGTLVTVSS,ARAGYSGYPY,10
283,seq283,QVQLVQSGAEVKKPGASVKVSCKASGYTFTGYYIHWVRRAPGQGLEWMGWINPNSGGTNYAQKFQGRVTMTRDTSITTAYLELSSLRSDDTAVYYCARRGYSGYDPFDYWGQGTLVTVSS,ARRGYSGYDPFDY,13
284,seq284,QVQLVQSGAEVKKPGASVKVSCKASGYTFTGYYIHWVRRAPGQGLEWMGWINPNSGGTNYAQKFQGRVTMTRDTSITTAYLELSSLRSDDTAVYYCARARGYSGYFDYWGQGTLVTVSS,ARARGYSGYFDY,12
285,seq285,QVQLVQSGAEVKKPGASVKVSCKASGYTFTGYYIHWVRRAPGQGLEWMGWINPNSGGTNYAQKFQGRVTMTRDTSITTAYLELSSLRSDDTAVYYCARARGYSGYDPFDYWGQGTLVTVSS,ARARGYSGYDPFDY,14
286,seq286,QVQLVQSGAEVKKPGASVKVSCKASGYTFTGYYIHWVRRAPGQGLEWMGWINPNSGGTNYAQKFQGRVTMTRDTSITTAYLELSSLRSDDTAVYYCAARYSYPFYWGQGTLVTVSS,AARYSYPFY,9
287,seq287,QVQLVQSGAEVKKPGASVKVSCKASGYTFTGYYIHWVRRAPGQGLEWMGWINPNSGGTNYAQKFQGRVTMTRDTSITTAYLELSSLRSDDTAVYYCARAGYSGYDPFDYWGQGTLVTVSS,ARAGYSGYDPFDY,13
288,seq288,QVQLVQSGAEVKKPGASVKVSCKASGYTFTGYYIHWVRRAPGQGLEWMGWINPNSGGTNYAQKFQGRVTMTRDTSITTAYLELSSLRSDDTAVYYCARARYSGYDPDWGQGTLVTVSS,ARARYSGYDPD,11
289,seq289,QVQLVQSGAEVKKPGASVKVSCKASGYTFTGYYIHWVRRAPGQGLEWMGWINPNSGGTNYAQKFQGRVTMTRDTSITTAYLELSSLRSDDTAVYYCRARGYSGYDPFDYWGQGTLVTVSS,RARGYSGYDPFDY,13
290,seq290,QVQLVQSGAEVKKPGASVKVSCKASGYTFTGYYIHWVRRAPGQGLEWMGWINPNSGGTNYAQKFQGRVTMTRDTSITTAYLELSSLRSDDTAVYYCAARGYSGDPWGQGTLVTVSS,AARGYSGDP,9
291,seq291,QVQLVQSGAEVKKPGASVKVSCKASGYTFTGYYIHWVRRAPGQGLEWMGWINPNSGGTNYAQKFQGRVTMTRDTSITTAYLELSSLRSDDTAVYYCARARGSGYDPFDWGQGTLVTVSS,ARARGSGYDPFD,12
292,seq292,QVQLVQSGAEVKKPGASVKVSCKASGYTFTGYYIHWVRRAPGQGLEWMGWINPNSGGTNYAQKFQGRVTMTRDTSITTAYLELSSLRSDDTAVYYCARAYGYDFDWGQGTLVTVSS,ARAYGYDFD,9
293,seq293,QVQLVQSGAEVKKPGASVKVSCKASGYTFTGYYIHWVRRAPGQGLEWMGWINPNSGGTNYAQKFQGRVTMTRDTSITTAYLELSSLRSDDTAVYYCARGYSYDFDYWGQGTLVTVSS,ARGYSYDFDY,10
294,seq294,QVQLVQSGAEVKKPGASVKVSCKASGYTFTGYYIHWVRRAPGQGLEWMGWINPNSGGTNYAQKFQGRVTMTRDTSITTAYLELSSLRSDDTAVYYCARAGYSGYPFDYWGQGTLVTVSS,ARAGYSGYPFDY,12
295,seq295,QVQLVQSGAEVKKPGASVKVSCKASGYTFTGYYIHWVRRAPGQGLEWMGWINPNSGGTNYAQKFQGRVTMTRDTSITTAYLELSSLRSDDTAVYYCARRGYSGDPFDYWGQGTLVTVSS,ARRGYSGDPFDY,12
296,seq296,QVQLVQSGAEVKKPGASVKVSCKASGYTFTGYYIHWVRRAPGQGLEWMGWINPNSGGTNYAQKFQGRVTMTRDTSITTAYLELSSLRSDDTAVYYCARARGSGYDFDYWGQGTLVTVSS,ARARGSGYDFDY,12
297,seq297,QVQLVQSGAEVKKPGASVKVSCKASGYTFTGYYIHWVRRAPGQGLEWMGWINPNSGGTNYAQKFQGRVTMTRDTSITTAYLELSSLRSDDTAVYYCARRYSGYDPFDYWGQGTLVTVSS,ARRYSGYDPFDY,12
298,seq298,QVQLVQSGAEVKKPGASVKVSCKASGYTFTGYYIHWVRRAPGQGLEWMGWINPNSGGTNYAQKFQGRVTMTRDTSITTAYLELSSLRSDDTAVYYCARRGYSGYDPFDYWGQGTLVTVSS,ARRGYSGYDPFDY,13
299,seq299,QVQLVQSGAEVKKPGASVKVSCKASGYTFTGYYIHWVRRAPGQGLEWMGWINPNSGGTNYAQKFQGRVTMTRDTSITTAYLELSSLRSDDTAVYYCARARGYSGYDFDYWGQGTLVTVSS,ARARGYSGYDFDY,13
300,seq300,QVQLVQSGAEVKKPGASVKVSCKASGYTFTGYYIHWVRRAPGQGLEWMGWINPNSGGTNYAQKFQGRVTMTRDTSITTAYLELSSLRSDDTAVYYCARAGYGYDPFDYWGQGTLVTVSS,ARAGYGYDPFDY,12
301,seq301,QVQLVQSGAEVKKPGASVKVSCKASGYTFTGYYIHWVRRAPGQGLEWMGWINPNSGGTNYAQKFQGRVTMTRDTSITTAYLELSSLRSDDTAVYYCARAGYSGYDFDYWGQGTLVTVSS,ARAGYSGYDFDY,12
302,seq302,QVQLVQSGAEVKKPGASVKVSCKASGYTFTGYYIHWVRRAPGQGLEWMGWINPNSGGTNYAQKFQGRVTMTRDTSITTAYLELSSLRSDDTAVYYCARRYSDPFDYWGQGTLVTVSS,ARRYSDPFDY,10
303,seq303,QVQLVQSGAEVKKPGASVKVSCKASGYTFTGYYIHWVRRAPGQGLEWMGWINPNSGGTNYAQKFQGRVTMTRDTSITTAYLELSSLRSDDTAVYYCRARSGFDYWGQGTLVTVSS,RARSGFDY,8
304,seq304,QVQLVQSGAEVKKPGASVKVSCKASGYTFTGYYIHWVRRAPGQGLEWMGWINPNSGGTNYAQKFQGRVTMTRDTSITTAYLELSSLRSDDTAVYYCARARYSGYDPFDYWGQGTLVTVSS,ARARYSGYDPFDY,13
305,seq305,QVQLVQSGAEVKKPGASVKVSCKASGYTFTGYYIHWVRRAPGQGLEWMGWINPNSGGTNYAQKFQGRVTMTRDTSITTAYLELSSLRSDDTAVYYCARARGYSGYDFDYWGQGTLVTVSS,ARARGYSGYDFDY,13
306,seq306,QVQLVQSGAEVKKPGASVKVSCKASGYTFTGYYIHWVRRAPGQGLEWMGWINPNSGGTNYAQKFQGRVTMTRDTSITTAYLELSSLRSDDTAVYYCAARYGYDPDYWGQGTLVTVSS,AARYGYDPDY,10
307,seq307,QVQLVQSGAEVKKPGASVKVSCKASGYTFTGYYIHWVRRAPGQGLEWMGWINPNSGGTNYAQKFQGRVTMTRDTSITTAYLELSSLRSDDTAVYYCARAGSGYDPFDWGQGTLVTVSS,ARAGSGYDPFD,11
308,seq308,QVQLVQSGAEVKKPGASVKVSCKASGYTFTGYYIHWVRRAPGQGLEWMGWINPNSGGTNYAQKFQGRVTMTRDTSITTAYLELSSLRSDDTAVYYCARAGYSGYDPFDYWGQGTLVTVSS,ARAGYSGYDPFDY,13
309,seq309,QVQLVQSGAEVKKPGASVKVSCKASGYTFTGYYIHWVRRAPGQGLEWMGWINPNSGGTNYAQKFQGRVTMTRDTSITTAYLELSSLRSDDTAVYYCARAGYGYDPFDYWGQGTLVTVSS,ARAGYGYDPFDY,12
310,seq310,QVQLVQSGAEVKKPGASVKVSCKASGYTFTGYYIHWVRRAPGQGLEWMGWINPNSGGTNYAQKFQGRVTMTRDTSITTAYLELSSLRSDDTAVYYCARGSGYDPFDWGQGTLVTVSS,ARGSGYDPFD,10
311,seq311,QVQLVQSGAEVKKPGASVKVSCKASGYTFTGYYIHWVRRAPGQGLEWMGWINPNSGGTNYAQKFQGRVTMTRDTSITTAYLELSSLRSDDTAVYYCRRGYSGYDDYWGQGTLVTVSS,RRGYSGYDDY,10
312,seq312,QVQLVQSGAEVKKPGASVKVSCKASGYTFTGYYIHWVRRAPGQGLEWMGWINPNSGGTNYAQKFQGRVTMTRDTSITTAYLELSSLRSDDTAVYYCARARYSGYDFDYWGQGTLVTVSS,ARARYSGYDFDY,12
313,seq313,QVQLVQSGAEVKKPGASVKVSCKASGYTFTGYYIHWVRRAPGQGLEWMGWINPNSGGTNYAQKFQGRVTMTRDTSITTAYLELSSLRSDDTAVYYCARAGYSGPFDYWGQGTLVTVSS,ARAGYSGPFDY,11
314,seq314,QVQLVQSGAEVKKPGASVKVSCKASGYTFTGYYIHWVRRAPGQGLEWMGWINPNSGGTNYAQKFQGRVTMTRDTSITTAYLELSSLRSDDTAVYYCRARYSGYPFDYWGQGTLVTVSS,RARYSGYPFDY,11
315,seq315,QVQLVQSGAEVKKPGASVKVSCKASGYTFTGYYIHWVRRAPGQGLEWMGWINPNSGGTNYAQKFQGRVTMTRDTSITTAYLELSSLRSDDTAVYYCARRGSGYDPFDWGQGTLVTVSS,ARRGSGYDPFD,11
316,seq316,QVQLVQSGAEVKKPGASVKVSCKASGYTFTGYYIHWVRRAPGQGLEWMGWINPNSGGTNYAQKFQGRVTMTRDTSITTAYLELSSLRSDDTAVYYCAARGYSGYDPYWGQGTLVTVSS,AARGYSGYDPY,11
317,seq317,QVQLVQSGAEVKKPGASVKVSCKASGYTFTGYYIHWVRRAPGQGLEWMGWINPNSGGTNYAQKFQGRVTMTRDTSITTAYLELSSLRSDDTAVYYCARARYSGYDPFDYWGQGTLVTVSS,ARARYSGYDPFDY,13
318,seq318,QVQLVQSGAEVKKPGASVKVSCKASGYTFTGYYIHWVRRAPGQGLEWMGWINPNSGGTNYAQKFQGRVTMTRDTSITTAYLELSSLRSDDTAVYYCARAGSGYPFDYWGQGTLVTVSS,ARAGSGYPFDY,11
319,seq319,QVQLVQSGAEVKKPGASVKVSCKASGYTFTGYYIHWVRRAPGQGLEWMGWINPNSGGTNYAQKFQGRVTMTRDTSITTAYLELSSLRSDDTAVYYCARARGSDFDYWGQGTLVTVSS,ARARGSDFDY,10
320,seq320,QVQLVQSGAEVKKPGASVKVSCKASGYTFTGYYIHWVRRAPGQGLEWMGWINPNSGGTNYAQKFQGRVTMTRDTSITTAYLELSSLRSDDTAVYYCARAGYSGYDPFDYWGQGTLVTVSS,ARAGYSGYDPFDY,13
321,seq321,QVQLVQSGAEVKKPGASVKVSCKASGYTFTGYYIHWVRRAPGQGLEWMGWINPNSGGTNYAQKFQGRVTMTRDTSITTAYLELSSLRSDDTAVYYCARRGSGYDPDYWGQGTLVTVSS,ARRGSGYDPDY,11
322,seq322,QVQLVQSGAEVKKPGASVKVSCKASGYTFTGYYIHWVRRAPGQGLEWMGWINPNSGGTNYAQKFQGRVTMTRDTSITTAYLELSSLRSDDTAVYYCARAYSYDPFDYWGQGTLVTVSS,ARAYSYDPFDY,11
323,seq323,QVQLVQSGAEVKKPGASVKVSCKASGYTFTGYYIHWVRRAPGQGLEWMGWINPNSGGTNYAQKFQGRVTMTRDTSITTAYLELSSLRSDDTAVYYCARARGYSYDPFYWGQGTLVTVSS,ARARGYSYDPFY,12
324,seq324,QVQLVQSGAEVKKPGASVKVSCKASGYTFTGYYIHWVRRAPGQGLEWMGWINPNSGGTNYAQKFQGRVTMTRDTSITTAYLELSSLRSDDTAVYYCARAGYGYDPFDYWGQGTLVTVSS,ARAGYGYDPFDY,12
325,seq325,QVQLVQSGAEVKKPGASVKVSCKASGYTFTGYYIHWVRRAPGQGLEWMGWINPNSGGTNYAQKFQGRVTMTRDTSITTAYLELSSLRSDDTAVYYCRARGSGPFDWGQGTLVTVSS,RARGSGPFD,9
326,seq326,QVQLVQSGAEVKKPGASVKVSCKASGYTFTGYYIHWVRRAPGQGLEWMGWINPNSGGTNYAQKFQGRVTMTRDTSITTAYLELSSLRSDDTAVYYCAARYSYDPFDWGQGTLVTVSS,AARYSYDPFD,10
327,seq327,QVQLVQSGAEVKKPGASVKVSCKASGYTFTGYYIHWVRRAPGQGLEWMGWINPNSGGTNYAQKFQGRVTMTRDTSITTAYLELSSLRSDDTAVYYCARRGSGYDPFDYWGQGTLVTVSS,ARRGSGYDPFDY,12
328,seq328,QVQLVQSGAEVKKPGASVKVSCKASGYTFTGYYIHWVRRAPGQGLEWMGWINPNSGGTNYAQKFQGRVTMTRDTSITTAYLELSSLRSDDTAVYYCARRGGDPFDYWGQGTLVTVSS,ARRGGDPFDY,10
329,seq329,QVQLVQSGAEVKKPGASVKVSCKASGYTFTGYYIHWVRRAPGQGLEWMGWINPNSGGTNYAQKFQGRVTMTRDTSITTAYLELSSLRSDDTAVYYCARRGYSYDPFDYWGQGTLVTVSS,ARRGYSYDPFDY,12
330,seq330,QVQLVQSGAEVKKPGASVKVSCKASGYTFTGYYIHWVRRAPGQGLEWMGWINPNSGGTNYAQKFQGRVTMTRDTSITTAYLELSSLRSDDTAVYYCARARGYSGYFDWGQGTLVTVSS,ARARGYSGYFD,11
331,seq331,QVQLVQSGAEVKKPGASVKVSCKASGYTFTGYYIHWVRRAPGQGLEWMGWINPNSGGTNYAQKFQGRVTMTRDTSITTAYLELSSLRSDDTAVYYCRARGYSGYDPDYWGQGTLVTVSS,RARGYSGYDPDY,12
332,seq332,QVQLVQSGAEVKKPGASVKVSCKASGYTFTGYYIHWVRRAPGQGLEWMGWINPNSGGTNYAQKFQGRVTMTRDTSITTAYLELSSLRSDDTAVYYCARRGYYPFDYWGQGTLVTVSS,ARRGYYPFDY,10
333,seq333,QVQLVQSGAEVKKPGASVKVSCKASGYTFTGYYIHWVRRAPGQGLEWMGWINPNSGGTNYAQKFQGRVTMTRDTSITTAYLELSSLRSDDTAVYYCARARSGDFDYWGQGTLVTVSS,ARARSGDFDY,10
334,seq334,QVQLVQSGAEVKKPGASVKVSCKASGYTFTGYYIHWVRRAPGQGLEWMGWINPNSGGTNYAQKFQGRVTMTRDTSITTAYLELSSLRSDDTAVYYCARGYSGYDPDYWGQGTLVTVSS,ARGYSGYDPDY,11
335,seq335,QVQLVQSGAEVKKPGASVKVSCKASGYTFTGYYIHWVRRAPGQGLEWMGWINPNSGGTNYAQKFQGRVTMTRDTSITTAYLELSSLRSDDTAVYYCARARGYGYDPFDYWGQGTLVTVSS,ARARGYGYDPFDY,13
336,seq336,QVQLVQSGAEVKKPGASVKVSCKASGYTFTGYYIHWVRRAPGQGLEWMGWINPNSGGTNYAQKFQGRVTMTRDTSITTAYLELSSLRSDDTAVYYCAGGYDPFDYWGQGTLVTVSS,AGGYDPFDY,9
337,seq337,QVQLVQSGAEVKKPGASVKVSCKASGYTFTGYYIHWVRRAPGQGLEWMGWINPNSGGTNYAQKFQGRVTMTRDTSITTAYLELSSLRSDDTAVYYCAAYGYDPYWGQGTLVTVSS,AAYGYDPY,8
338,seq338,QVQLVQSGAEVKKPGASVKVSCKASGYTFTGYYIHWVRRAPGQGLEWMGWINPNSGGTNYAQKFQGRVTMTRDTSITTAYLELSSLRSDDTAVYYCARARYSGYPDYWGQGTLVTVSS,ARARYSGYPDY,11
339,seq339,QVQLVQSGAEVKKPGASVKVSCKASGYTFTGYYIHWVRRAPGQGLEWMGWINPNSGGTNYAQKFQGRVTMTRDTSITTAYLELSSLRSDDTAVYYCARGYGYDPFDWGQGTLVTVSS,ARGYGYDPFD,10
340,seq340,QVQLVQSGAEVKKPGASVKVSCKASGYTFTGYYIHWVRRAPGQGLEWMGWINPNSGGTNYAQKFQGRVTMTRDTSITTAYLELSSLRSDDTAVYYCARARGYSGDPFYWGQGTLVTVSS,ARARGYSGDPFY,12
341,seq341,QVQLVQSGAEVKKPGASVKVSCKASGYTFTGYYIHWVRRAPGQGLEWMGWINPNSGGTNYAQKFQGRVTMTRDTSITTAYLELSSLRSDDTAVYYCARYSGYDPFDYWGQGTLVTVSS,ARYSGYDPFDY,11
342,seq342,QVQLVQSGAEVKKPGASVKVSCKASGYTFTGYYIHWVRRAPGQGLEWMGWINPNSGGTNYAQKFQGRVTMTRDTSITTAYLELSSLRSDDTAVYYCARAGGYDFWGQGTLVTVSS,ARAGGYDF,8
343,seq343,QVQLVQSGAEVKKPGASVKVSCKASGYTFTGYYIHWVRRAPGQGLEWMGWINPNSGGTNYAQKFQGRVTMTRDTSITTAYLELSSLRSDDTAVYYCAARGYSGDFDYWGQGTLVTVSS,AARGYSGDFDY,11
344,seq344,QVQLVQSGAEVKKPGASVKVSCKASGYTFTGYYIHWVRRAPGQGLEWMGWINPNSGGTNYAQKFQGRVTMTRDTSITTAYLELSSLRSDDTAVYYCAARGYSYDPFDYWGQGTLVTVSS,AARGYSYDPFDY,12
345,seq345,QVQLVQSGAEVKKPGASVKVSCKASGYTFTGYYIHWVRRAPGQGLEWMGWINPNSGGTNYAQKFQGRVTMTRDTSITTAYLELSSLRSDDTAVYYCARGSGPFDYWGQGTLVTVSS,ARGSGPFDY,9
346,seq346,QVQLVQSGAEVKKPGASVKVSCKASGYTFTGYYIHWVRRAPGQGLEWMGWINPNSGGTNYAQKFQGRVTMTRDTSITTAYLELSSLRSDDTAVYYCARAGYSGYDPFDYWGQGTLVTVSS,ARAGYSGYDPFDY,13
347,seq347,QVQLVQSGAEVKKPGASVKVSCKASGYTFTGYYIHWVRRAPGQGLEWMGWINPNSGGTNYAQKFQGRVTMTRDTSITTAYLELSSLRSDDTAVYYCARARGYSGYDPFDYWGQGTLVTVSS,ARARGYSGYDPFDY,14
348,seq348,QVQLVQSGAEVKKPGASVKVSCKASGYTFTGYYIHWVRRAPGQGLEWMGWINPNSGGTNYAQKFQGRVTMTRDTSITTAYLELSSLRSDDTAVYYCARARGYSGYDPFDYWGQGTLVTVSS,ARARGYSGYDPFDY,14
349,seq349,QVQLVQSGAEVKKPGASVKVSCKASGYTFTGYYIHWVRRAPGQGLEWMGWINPNSGGTNYAQKFQGRVTMTRDTSITTAYLELSSLRSDDTAVYYCARARGYSGYDPFDYWGQGTLVTVSS,ARARGYSGYDPFDY,14
350,seq350,QVQLVQSGAEVKKPGASVKVSCKASGYTFTGYYIHWVRRAPGQGLEWMGWINPNSGGTNYAQKFQGRVTMTRDTSITTAYLELSSLRSDDTAVYYCARARGYSGYDPFDWGQGTLVTVSS,ARARGYSGYDPFD,13
351,seq351,QVQLVQSGAEVKKPGASVKVSCKASGYTFTGYYIHWVRRAPGQGLEWMGWINPNSGGTNYAQKFQGRVTMTRDTSITTAYLELSSLRSDDTAVYYCAARSGYDPDWGQGTLVTVSS,AARSGYDPD,9
352,seq352,QVQLVQSGAEVKKPGASVKVSCKASGYTFTGYYIHWVRRAPGQGLEWMGWINPNSGGTNYAQKFQGRVTMTRDTSITTAYLELSSLRSDDTAVYYCASGYDPFDYWGQGTLVTVSS,ASGYDPFDY,9
353,seq353,QVQLVQSGAEVKKPGASVKVSCKASGYTFTGYYIHWVRRAPGQGLEWMGWINPNSGGTNYAQKFQGRVTMTRDTSITTAYLELSSLRSDDTAVYYCRRGYSYDPFDYWGQGTLVTVSS,RRGYSYDPFDY,11
354,seq354,QVQLVQSGAEVKKPGASVKVSCKASGYTFTGYYIHWVRRAPGQGLEWMGWINPNSGGTNYAQKFQGRVTMTRDTSITTAYLELSSLRSDDTAVYYCARARGYYPFDWGQGTLVTVSS,ARARGYYPFD,10
355,seq355,QVQLVQSGAEVKKPGASVKVSCKASGYTFTGYYIHWVRRAPGQGLEWMGWINPNSGGTNYAQKFQGRVTMTRDTSITTAYLELSSLRSDDTAVYYCARGSGYPFDYWGQGTLVTVSS,ARGSGYPFDY,10
356,seq356,QVQLVQSGAEVKKPGASVKVSCKASGYTFTGYYIHWVRRAPGQGLEWMGWINPNSGGTNYAQKFQGRVTMTRDTSITTAYLELSSLRSDDTAVYYCARARGYSYDPFWGQGTLVTVSS,ARARGYSYDPF,11
357,seq357,QVQLVQSGAEVKKPGASVKVSCKASGYTFTGYYIHWVRRAPGQGLEWMGWINPNSGGTNYAQKFQGRVTMTRDTSITTAYLELSSLRSDDTAVYYCARARGYSGYDFDYWGQGTLVTVSS,ARARGYSGYDFDY,13
358,seq358,QVQLVQSGAEVKKPGASVKVSCKASGYTFTGYYIHWVRRAPGQGLEWMGWINPNSGGTNYAQKFQGRVTMTRDTSITTAYLELSSLRSDDTAVYYCARAGGDPFWGQGTLVTVSS,ARAGGDPF,8
359,seq359,QVQLVQSGAEVKKPGASVKVSCKASGYTFTGYYIHWVRRAPGQGLEWMGWINPNSGGTNYAQKFQGRVTMTRDTSITTAYLELSSLRSDDTAVYYCARRGSGYDPFYWGQGTLVTVSS,ARRGSGYDPFY,11
360,seq360,QVQLVQSGAEVKKPGASVKVSCKASGYTFTGYYIHWVRRAPGQGLEWMGWINPNSGGTNYAQKFQGRVTMTRDTSITTAYLELSSLRSDDTAVYYCARARGYSGYDPDWGQGTLVTVSS,ARARGYSGYDPD,12
361,seq361,QVQLVQSGAEVKKPGASVKVSCKASGYTFTGYYIHWVRRAPGQGLEWMGWINPNSGGTNYAQKFQGRVTMTRDTSITTAYLELSSLRSDDTAVYYCAAGSGYDPFDWGQGTLVTVSS,AAGSGYDPFD,10
362,seq362,QVQLVQSGAEVKKPGASVKVSCKASGYTFTGYYIHWVRRAPGQGLEWMGWINPNSGGTNYAQKFQGRVTMTRDTSITTAYLELSSLRSDDTAVYYCARGYSGDPFDYWGQGTLVTVSS,ARGYSGDPFDY,11
363,seq363,QVQLVQSGAEVKKPGASVKVSCKASGYTFTGYYIHWVRRAPGQGLEWMGWINPNSGGTNYAQKFQGRVTMTRDTSITTAYLELSSLRSDDTAVYYCARGYDFDWGQGTLVTVSS,ARGYDFD,7
364,seq364,QVQLVQSGAEVKKPGASVKVSCKASGYTFTGYYIHWVRRAPGQGLEWMGWINPNSGGTNYAQKFQGRVTMTRDTSITTAYLELSSLRSDDTAVYYCARSGDPFDYWGQGTLVTVSS,ARSGDPFDY,9
365,seq365,QVQLVQSGAEVKKPGASVKVSCKASGYTFTGYYIHWVRRAPGQGLEWMGWINPNSGGTNYAQKFQGRVTMTRDTSITTAYLELSSLRSDDTAVYYCARYSGYDPFYWGQGTLVTVSS,ARYSGYDPFY,10
366,seq366,QVQLVQSGAEVKKPGASVKVSCKASGYTFTGYYIHWVRRAPGQGLEWMGWINPNSGGTNYAQKFQGRVTMTRDTSITTAYLELSSLRSDDTAVYYCARAGYSGYDPFDYWGQGTLVTVSS,ARAGYSGYDPFDY,13
367,seq367,QVQLVQSGAEVKKPGASVKVSCKASGYTFTGYYIHWVRRAPGQGLEWMGWINPNSGGTNYAQKFQGRVTMTRDTSITTAYLELSSLRSDDTAVYYCARARYSDPFYWGQGTLVTVSS,ARARYSDPFY,10
368,seq368,QVQLVQSGAEVKKPGASVKVSCKASGYTFTGYYIHWVRRAPGQGLEWMGWINPNSGGTNYAQKFQGRVTMTRDTSITTAYLELSSLRSDDTAVYYCARAGYSGYDPFDYWGQGTLVTVSS,ARAGYSGYDPFDY,13
369,seq369,QVQLVQSGAEVKKPGASVKVSCKASGYTFTGYYIHWVRRAPGQGLEWMGWINPNSGGTNYAQKFQGRVTMTRDTSITTAYLELSSLRSDDTAVYYCARARGYGDPDWGQGTLVTVSS,ARARGYGDPD,10
370,seq370,QVQLVQSGAEVKKPGASVKVSCKASGYTFTGYYIHWVRRAPGQGLEWMGWINPNSGGTNYAQKFQGRVTMTRDTSITTAYLELSSLRSDDTAVYYCARARGYGDDYWGQGTLVTVSS,ARARGYGDDY,10
371,seq371,QVQLVQSGAEVKKPGASVKVSCKASGYTFTGYYIHWVRRAPGQGLEWMGWINPNSGGTNYAQKFQGRVTMTRDTSITTAYLELSSLRSDDTAVYYCARARYSGYDPWGQGTLVTVSS,ARARYSGYDP,10
372,seq372,QVQLVQSGAEVKKPGASVKVSCKASGYTFTGYYIHWVRRAPGQGLEWMGWINPNSGGTNYAQKFQGRVTMTRDTSITTAYLELSSLRSDDTAVYYCARARGYSGYDPFDYWGQGTLVTVSS,ARARGYSGYDPFDY,14
373,seq373,QVQLVQSGAEVKKPGASVKVSCKASGYTFTGYYIHWVRRAPGQGLEWMGWINPNSGGTNYAQKFQGRVTMTRDTSITTAYLELSSLRSDDTAVYYCARRGYSGYPFWGQGTLVTVSS,ARRGYSGYPF,10
374,seq374,QVQLVQSGAEVKKPGASVKVSCKASGYTFTGYYIHWVRRAPGQGLEWMGWINPNSGGTNYAQKFQGRVTMTRDTSITTAYLELSSLRSDDTAVYYCRRYSGDPFDYWGQGTLVTVSS,RRYSGDPFDY,10
375,seq375,QVQLVQSGAEVKKPGASVKVSCKASGYTFTGYYIHWVRRAPGQGLEWMGWINPNSGGTNYAQKFQGRVTMTRDTSITTAYLELSSLRSDDTAVYYCARAGYSGDPFYWGQGTLVTVSS,ARAGYSGDPFY,11
376,seq376,QVQLVQSGAEVKKPGASVKVSCKASGYTFTGYYIHWVRRAPGQGLEWMGWINPNSGGTNYAQKFQGRVTMTRDTSITTAYLELSSLRSDDTAVYYCARARGYSGYDPFDWGQGTLVTVSS,ARARGYSGYDPFD,13
377,seq377,QVQLVQSGAEVKKPGASVKVSCKASGYTFTGYYIHWVRRAPGQGLEWMGWINPNSGGTNYAQKFQGRVTMTRDTSITTAYLELSSLRSDDTAVYYCARARGYSGDPFDYWGQGTLVTVSS,ARARGYSGDPFDY,13
378,seq378,QVQLVQSGAEVKKPGASVKVSCKASGYTFTGYYIHWVRRAPGQGLEWMGWINPNSGGTNYAQKFQGRVTMTRDTSITTAYLELSSLRSDDTAVYYCARARGSGYDPFDWGQGTLVTVSS,ARARGSGYDPFD,12
379,seq379,QVQLVQSGAEVKKPGASVKVSCKASGYTFTGYYIHWVRRAPGQGLEWMGWINPNSGGTNYAQKFQGRVTMTRDTSITTAYLELSSLRSDDTAVYYCARARGYGYDPDYWGQGTLVTVSS,ARARGYGYDPDY,12
380,seq380,QVQLVQSGAEVKKPGASVKVSCKASGYTFTGYYIHWVRRAPGQGLEWMGWINPNSGGTNYAQKFQGRVTMTRDTSITTAYLELSSLRSDDTAVYYCARGYGYDPFDYWGQGTLVTVSS,ARGYGYDPFDY,11
381,seq381,QVQLVQSGAEVKKPGASVKVSCKASGYTFTGYYIHWVRRAPGQGLEWMGWINPNSGGTNYAQKFQGRVTMTRDTSITTAYLELSSLRSDDTAVYYCARARGYSGPFDYWGQGTLVTVSS,ARARGYSGPFDY,12
382,seq382,QVQLVQSGAEVKKPGASVKVSCKASGYTFTGYYIHWVRRAPGQGLEWMGWINPNSGGTNYAQKFQGRVTMTRDTSITTAYLELSSLRSDDTAVYYCRARGYSGYDPFDYWGQGTLVTVSS,RARGYSGYDPFDY,13
383,seq383,QVQLVQSGAEVKKPGASVKVSCKASGYTFTGYYIHWVRRAPGQGLEWMGWINPNSGGTNYAQKFQGRVTMTRDTSITTAYLELSSLRSDDTAVYYCARAGSGDPFDYWGQGTLVTVSS,ARAGSGDPFDY,11
384,seq384,QVQLVQSGAEVKKPGASVKVSCKASGYTFTGYYIHWVRRAPGQGLEWMGWINPNSGGTNYAQKFQGRVTMTRDTSITTAYLELSSLRSDDTAVYYCAARGYSGYDPFDYWGQGTLVTVSS,AARGYSGYDPFDY,13
385,seq385,QVQLVQSGAEVKKPGASVKVSCKASGYTFTGYYIHWVRRAPGQGLEWMGWINPNSGGTNYAQKFQGRVTMTRDTSITTAYLELSSLRSDDTAVYYCRRGYSGYDFDYWGQGTLVTVSS,RRGYSGYDFDY,11
386,seq386,QVQLVQSGAEVKKPGASVKVSCKASGYTFTGYYIHWVRRAPGQGLEWMGWINPNSGGTNYAQKFQGRVTMTRDTSITTAYLELSSLRSDDTAVYYCARRGYSGYDPFDYWGQGTLVTVSS,ARRGYSGYDPFDY,13
387,seq387,QVQLVQSGAEVKKPGASVKVSCKASGYTFTGYYIHWVRRAPGQGLEWMGWINPNSGGTNYAQKFQGRVTMTRDTSITTAYLELSSLRSDDTAVYYCARRYSGYDFDWGQGTLVTVSS,ARRYSGYDFD,10
388,seq388,QVQLVQSGAEVKKPGASVKVSCKASGYTFTGYYIHWVRRAPGQGLEWMGWINPNSGGTNYAQKFQGRVTMTRDTSITTAYLELSSLRSDDTAVYYCARARGGYDPFDYWGQGTLVTVSS,ARARGGYDPFDY,12
389,seq389,QVQLVQSGAEVKKPGASVKVSCKASGYTFTGYYIHWVRRAPGQGLEWMGWINPNSGGTNYAQKFQGRVTMTRDTSITTAYLELSSLRSDDTAVYYCARAGYSGYDPFDYWGQGTLVTVSS,ARAGYSGYDPFDY,13
390,seq390,QVQLVQSGAEVKKPGASVKVSCKASGYTFTGYYIHWVRRAPGQGLEWMGWINPNSGGTNYAQKFQGRVTMTRDTSITTAYLELSSLRSDDTAVYYCARARYSGYDPFDYWGQGTLVTVSS,ARARYSGYDPFDY,13
391,seq391,QVQLVQSGAEVKKPGASVKVSCKASGYTFTGYYIHWVRRAPGQGLEWMGWINPNSGGTNYAQKFQGRVTMTRDTSITTAYLELSSLRSDDTAVYYCARARGYSGDPFDYWGQGTLVTVSS,ARARGYSGDPFDY,13
392,seq392,QVQLVQSGAEVKKPGASVKVSCKASGYTFTGYYIHWVRRAPGQGLEWMGWINPNSGGTNYAQKFQGRVTMTRDTSITTAYLELSSLRSDDTAVYYCARARSYDPFDYWGQGTLVTVSS,ARARSYDPFDY,11
393,seq393,QVQLVQSGAEVKKPGASVKVSCKASGYTFTGYYIHWVRRAPGQGLEWMGWINPNSGGTNYAQKFQGRVTMTRDTSITTAYLELSSLRSDDTAVYYCAARGYSGYDPFDYWGQGTLVTVSS,AARGYSGYDPFDY,13
394,seq394,QVQLVQSGAEVKKPGASVKVSCKASGYTFTGYYIHWVRRAPGQGLEWMGWINPNSGGTNYAQKFQGRVTMTRDTSITTAYLELSSLRSDDTAVYYCRARGYYDPFYWGQGTLVTVSS,RARGYYDPFY,10
395,seq395,QVQLVQSGAEVKKPGASVKVSCKASGYTFTGYYIHWVRRAPGQGLEWMGWINPNSGGTNYAQKFQGRVTMTRDTSITTAYLELSSLRSDDTAVYYCARGGYDPDYWGQGTLVTVSS,ARGGYDPDY,9
396,seq396,QVQLVQSGAEVKKPGASVKVSCKASGYTFTGYYIHWVRRAPGQGLEWMGWINPNSGGTNYAQKFQGRVTMTRDTSITTAYLELSSLRSDDTAVYYCAAGYSGYDFYWGQGTLVTVSS,AAGYSGYDFY,10
397,seq397,QVQLVQSGAEVKKPGASVKVSCKASGYTFTGYYIHWVRRAPGQGLEWMGWINPNSGGTNYAQKFQGRVTMTRDTSITTAYLELSSLRSDDTAVYYCARARYSYDPDYWGQGTLVTVSS,ARARYSYDPDY,11
398,seq398,QVQLVQSGAEVKKPGASVKVSCKASGYTFTGYYIHWVRRAPGQGLEWMGWINPNSGGTNYAQKFQGRVTMTRDTSITTAYLELSSLRSDDTAVYYCARRGYSGYDPFDYWGQGTLVTVSS,ARRGYSGYDPFDY,13
399,seq399,QVQLVQSGAEVKKPGASVKVSCKASGYTFTGYYIHWVRRAPGQGLEWMGWINPNSGGTNYAQKFQGRVTMTRDTSITTAYLELSSLRSDDTAVYYCARARGYSGYDPFDYWGQGTLVTVSS,ARARGYSGYDPFDY,14
400,seq400,QVQLVQSGAEVKKPGASVKVSCKASGYTFTGYYIHWVRRAPGQGLEWMGWINPNSGGTNYAQKFQGRVTMTRDTSITTAYLELSSLRSDDTAVYYCARGYSGYDPFDYWGQGTLVTVSS,ARGYSGYDPFDY,12
401,seq401,QVQLVQSGAEVKKPGASVKVSCKASGYTFTGYYIHWVRRAPGQGLEWMGWINPNSGGTNYAQKFQGRVTMTRDTSITTAYLELSSLRSDDTAVYYCARARSGYDPFDYWGQGTLVTVSS,ARARSGYDPFDY,12
402,seq402,QVQLVQSGAEVKKPGASVKVSCKASGYTFTGYYIHWVRRAPGQGLEWMGWINPNSGGTNYAQKFQGRVTMTRDTSITTAYLELSSLRSDDTAVYYCARAGYSPDYWGQGTLVTVSS,ARAGYSPDY,9
403,seq403,QVQLVQSGAEVKKPGASVKVSCKASGYTFTGYYIHWVRRAPGQGLEWMGWINPNSGGTNYAQKFQGRVTMTRDTSITTAYLELSSLRSDDTAVYYCAARGYGYDPFYWGQGTLVTVSS,AARGYGYDPFY,11
404,seq404,QVQLVQSGAEVKKPGASVKVSCKASGYTFTGYYIHWVRRAPGQGLEWMGWINPNSGGTNYAQKFQGRVTMTRDTSITTAYLELSSLRSDDTAVYYCARRGYGYDDYWGQGTLVTVSS,ARRGYGYDDY,10
405,seq405,QVQLVQSGAEVKKPGASVKVSCKASGYTFTGYYIHWVRRAPGQGLEWMGWINPNSGGTNYAQKFQGRVTMTRDTSITTAYLELSSLRSDDTAVYYCARGYGYDPFYWGQGTLVTVSS,ARGYGYDPFY,10
406,seq406,QVQLVQSGAEVKKPGASVKVSCKASGYTFTGYYIHWVRRAPGQGLEWMGWINPNSGGTNYAQKFQGRVTMTRDTSITTAYLELSSLRSDDTAVYYCAARYSGYPFYWGQGTLVTVSS,AARYSGYPFY,10
407,seq407,QVQLVQSGAEVKKPGASVKVSCKASGYTFTGYYIHWVRRAPGQGLEWMGWINPNSGGTNYAQKFQGRVTMTRDTSITTAYLELSSLRSDDTAVYYCARRGYSGYDPFDYWGQGTLVTVSS,ARRGYSGYDPFDY,13
408,seq408,QVQLVQSGAEVKKPGASVKVSCKASGYTFTGYYIHWVRRAPGQGLEWMGWINPNSGGTNYAQKFQGRVTMTRDTSITTAYLELSSLRSDDTAVYYCARRGYYDPFDYWGQGTLVTVSS,ARRGYYDPFDY,11
409,seq409,QVQLVQSGAEVKKPGASVKVSCKASGYTFTGYYIHWVRRAPGQGLEWMGWINPNSGGTNYAQKFQGRVTMTRDTSITTAYLELSSLRSDDTAVYYCARSGYDPFDYWGQGTLVTVSS,ARSGYDPFDY,10
410,seq410,QVQLVQSGAEVKKPGASVKVSCKASGYTFTGYYIHWVRRAPGQGLEWMGWINPNSGGTNYAQKFQGRVTMTRDTSITTAYLELSSLRSDDTAVYYCARAGYSGYDPFDYWGQGTLVTVSS,ARAGYSGYDPFDY,13
411,seq411,QVQLVQSGAEVKKPGASVKVSCKASGYTFTGYYIHWVRRAPGQGLEWMGWINPNSGGTNYAQKFQGRVTMTRDTSITTAYLELSSLRSDDTAVYYCARARYSGDPFDYWGQGTLVTVSS,ARARYSGDPFDY,12
412,seq412,QVQLVQSGAEVKKPGASVKVSCKASGYTFTGYYIHWVRRAPGQGLEWMGWINPNSGGTNYAQKFQGRVTMTRDTSITTAYLELSSLRSDDTAVYYCARARGYSYPFDYWGQGTLVTVSS,ARARGYSYPFDY,12
413,seq413,QVQLVQSGAEVKKPGASVKVSCKASGYTFTGYYIHWVRRAPGQGLEWMGWINPNSGGTNYAQKFQGRVTMTRDTSITTAYLELSSLRSDDTAVYYCAARYGYDPDYWGQGTLVTVSS,AARYGYDPDY,10
414,seq414,QVQLVQSGAEVKKPGASVKVSCKASGYTFTGYYIHWVRRAPGQGLEWMGWINPNSGGTNYAQKFQGRVTMTRDTSITTAYLELSSLRSDDTAVYYCAARYSGYDFDYWGQGTLVTVSS,AARYSGYDFDY,11
415,seq415,QVQLVQSGAEVKKPGASVKVSCKASGYTFTGYYIHWVRRAPGQGLEWMGWINPNSGGTNYAQKFQGRVTMTRDTSITTAYLELSSLRSDDTAVYYCARARGYSGDPDYWGQGTLVTVSS,ARARGYSGDPDY,12
416,seq416,QVQLVQSGAEVKKPGASVKVSCKASGYTFTGYYIHWVRRAPGQGLEWMGWINPNSGGTNYAQKFQGRVTMTRDTSITTAYLELSSLRSDDTAVYYCARARGYSGYDPFWGQGTLVTVSS,ARARGYSGYDPF,12
417,seq417,QVQLVQSGAEVKKPGASVKVSCKASGYTFTGYYIHWVRRAPGQGLEWMGWINPNSGGTNYAQKFQGRVTMTRDTSITTAYLELSSLRSDDTAVYYCRAGYSYDFDWGQGTLVTVSS,RAGYSYDFD,9
418,seq418,QVQLVQSGAEVKKPGASVKVSCKASGYTFTGYYIHWVRRAPGQGLEWMGWINPNSGGTNYAQKFQGRVTMTRDTSITTAYLELSSLRSDDTAVYYCAARGYSGYDFDYWGQGTLVTVSS,AARGYSGYDFDY,12
419,seq419,QVQLVQSGAEVKKPGASVKVSCKASGYTFTGYYIHWVRRAPGQGLEWMGWINPNSGGTNYAQKFQGRVTMTRDTSITTAYLELSSLRSDDTAVYYCAARGSGYPFDYWGQGTLVTVSS,AARGSGYPFDY,11
420,seq420,QVQLVQSGAEVKKPGASVKVSCKASGYTFTGYYIHWVRRAPGQGLEWMGWINPNSGGTNYAQKFQGRVTMTRDTSITTAYLELSSLRSDDTAVYYCARARGSGYFDYWGQGTLVTVSS,ARARGSGYFDY,11
421,seq421,QVQLVQSGAEVKKPGASVKVSCKASGYTFTGYYIHWVRRAPGQGLEWMGWINPNSGGTNYAQKFQGRVTMTRDTSITTAYLELSSLRSDDTAVYYCARARYSGYDFDYWGQGTLVTVSS,ARARYSGYDFDY,12
422,seq422,QVQLVQSGAEVKKPGASVKVSCKASGYTFTGYYIHWVRRAPGQGLEWMGWINPNSGGTNYAQKFQGRVTMTRDTSITTAYLELSSLRSDDTAVYYCARARGSGYDPFWGQGTLVTVSS,ARARGSGYDPF,11
423,seq423,QVQLVQSGAEVKKPGASVKVSCKASGYTFTGYYIHWVRRAPGQGLEWMGWINPNSGGTNYAQKFQGRVTMTRDTSITTAYLELSSLRSDDTAVYYCARRGYSGYDFYWGQGTLVTVSS,ARRGYSGYDFY,11
424,seq424,QVQLVQSGAEVKKPGASVKVSCKASGYTFTGYYIHWVRRAPGQGLEWMGWINPNSGGTNYAQKFQGRVTMTRDTSITTAYLELSSLRSDDTAVYYCARARGYSGYDPFDYWGQGTLVTVSS,ARARGYSGYDPFDY,14
425,seq425,QVQLVQSGAEVKKPGASVKVSCKASGYTFTGYYIHWVRRAPGQGLEWMGWINPNSGGTNYAQKFQGRVTMTRDTSITTAYLELSSLRSDDTAVYYCARAGYSGDPDYWGQGTLVTVSS,ARAGYSGDPDY,11
426,seq426,QVQLVQSGAEVKKPGASVKVSCKASGYTFTGYYIHWVRRAPGQGLEWMGWINPNSGGTNYAQKFQGRVTMTRDTSITTAYLELSSLRSDDTAVYYCRARGSGYDPFDWGQGTLVTVSS,RARGSGYDPFD,11
427,seq427,QVQLVQSGAEVKKPGASVKVSCKASGYTFTGYYIHWVRRAPGQGLEWMGWINPNSGGTNYAQKFQGRVTMTRDTSITTAYLELSSLRSDDTAVYYCARARGYSGYDPDYWGQGTLVTVSS,ARARGYSGYDPDY,13
428,seq428,QVQLVQSGAEVKKPGASVKVSCKASGYTFTGYYIHWVRRAPGQGLEWMGWINPNSGGTNYAQKFQGRVTMTRDTSITTAYLELSSLRSDDTAVYYCARARGYDPYWGQGTLVTVSS,ARARGYDPY,9
429,seq429,QVQLVQSGAEVKKPGASVKVSCKASGYTFTGYYIHWVRRAPGQGLEWMGWINPNSGGTNYAQKFQGRVTMTRDTSITTAYLELSSLRSDDTAVYYCARARYSGYDPFYWGQGTLVTVSS,ARARYSGYDPFY,12
430,seq430,QVQLVQSGAEVKKPGASVKVSCKASGYTFTGYYIHWVRRAPGQGLEWMGWINPNSGGTNYAQKFQGRVTMTRDTSITTAYLELSSLRSDDTAVYYCARGYSGYDFDWGQGTLVTVSS,ARGYSGYDFD,10
431,seq431,QVQLVQSGAEVKKPGASVKVSCKASGYTFTGYYIHWVRRAPGQGLEWMGWINPNSGGTNYAQKFQGRVTMTRDTSITTAYLELSSLRSDDTAVYYCARAGYSGYDFYWGQGTLVTVSS,ARAGYSGYDFY,11
432,seq432,QVQLVQSGAEVKKPGASVKVSCKASGYTFTGYYIHWVRRAPGQGLEWMGWINPNSGGTNYAQKFQGRVTMTRDTSITTAYLELSSLRSDDTAVYYCARARGYSGYPDYWGQGTLVTVSS,ARARGYSGYPDY,12
433,seq433,QVQLVQSGAEVKKPGASVKVSCKASGYTFTGYYIHWVRRAPGQGLEWMGWINPNSGGTNYAQKFQGRVTMTRDTSITTAYLELSSLRSDDTAVYYCARYSGYDPFDYWGQGTLVTVSS,ARYSGYDPFDY,11
434,seq434,QVQLVQSGAEVKKPGASVKVSCKASGYTFTGYYIHWVRRAPGQGLEWMGWINPNSGGTNYAQKFQGRVTMTRDTSITTAYLELSSLRSDDTAVYYCARARGYSGYPFDYWGQGTLVTVSS,ARARGYSGYPFDY,13
435,seq435,QVQLVQSGAEVKKPGASVKVSCKASGYTFTGYYIHWVRRAPGQGLEWMGWINPNSGGTNYAQKFQGRVTMTRDTSITTAYLELSSLRSDDTAVYYCRARYYDPFDYWGQGTLVTVSS,RARYYDPFDY,10
436,seq436,QVQLVQSGAEVKKPGASVKVSCKASGYTFTGYYIHWVRRAPGQGLEWMGWINPNSGGTNYAQKFQGRVTMTRDTSITTAYLELSSLRSDDTAVYYCARARGYSGDFDWGQGTLVTVSS,ARARGYSGDFD,11
437,seq437,QVQLVQSGAEVKKPGASVKVSCKASGYTFTGYYIHWVRRAPGQGLEWMGWINPNSGGTNYAQKFQGRVTMTRDTSITTAYLELSSLRSDDTAVYYCRARGYSYDFDYWGQGTLVTVSS,RARGYSYDFDY,11
438,seq438,QVQLVQSGAEVKKPGASVKVSCKASGYTFTGYYIHWVRRAPGQGLEWMGWINPNSGGTNYAQKFQGRVTMTRDTSITTAYLELSSLRSDDTAVYYCARYGPFWGQGTLVTVSS,ARYGPF,6
439,seq439,QVQLVQSGAEVKKPGASVKVSCKASGYTFTGYYIHWVRRAPGQGLEWMGWINPNSGGTNYAQKFQGRVTMTRDTSITTAYLELSSLRSDDTAVYYCARARYGYDFDYWGQGTLVTVSS,ARARYGYDFDY,11
440,seq440,QVQLVQSGAEVKKPGASVKVSCKASGYTFTGYYIHWVRRAPGQGLEWMGWINPNSGGTNYAQKFQGRVTMTRDTSITTAYLELSSLRSDDTAVYYCRARGYSGYDFYWGQGTLVTVSS,RARGYSGYDFY,11
441,seq441,QVQLVQSGAEVKKPGASVKVSCKASGYTFTGYYIHWVRRAPGQGLEWMGWINPNSGGTNYAQKFQGRVTMTRDTSITTAYLELSSLRSDDTAVYYCARARGGYFDYWGQGTLVTVSS,ARARGGYFDY,10
442,seq442,QVQLVQSGAEVKKPGASVKVSCKASGYTFTGYYIHWVRRAPGQGLEWMGWINPNSGGTNYAQKFQGRVTMTRDTSITTAYLELSSLRSDDTAVYYCARARGYSGYDPDYWGQGTLVTVSS,ARARGYSGYDPDY,13
443,seq443,QVQLVQSGAEVKKPGASVKVSCKASGYTFTGYYIHWVRRAPGQGLEWMGWINPNSGGTNYAQKFQGRVTMTRDTSITTAYLELSSLRSDDTAVYYCARRGYSGYDPFDYWGQGTLVTVSS,ARRGYSGYDPFDY,13
444,seq444,QVQLVQSGAEVKKPGASVKVSCKASGYTFTGYYIHWVRRAPGQGLEWMGWINPNSGGTNYAQKFQGRVTMTRDTSITTAYLELSSLRSDDTAVYYCARAGYSGYDPFDYWGQGTLVTVSS,ARAGYSGYDPFDY,13
445,seq445,QVQLVQSGAEVKKPGASVKVSCKASGYTFTGYYIHWVRRAPGQGLEWMGWINPNSGGTNYAQKFQGRVTMTRDTSITTAYLELSSLRSDDTAVYYCARARYSGYDPFDYWGQGTLVTVSS,ARARYSGYDPFDY,13
446,seq446,QVQLVQSGAEVKKPGASVKVSCKASGYTFTGYYIHWVRRAPGQGLEWMGWINPNSGGTNYAQKFQGRVTMTRDTSITTAYLELSSLRSDDTAVYYCARARGYSGYDPFDYWGQGTLVTVSS,ARARGYSGYDPFDY,14
447,seq447,QVQLVQSGAEVKKPGASVKVSCKASGYTFTGYYIHWVRRAPGQGLEWMGWINPNSGGTNYAQKFQGRVTMTRDTSITTAYLELSSLRSDDTAVYYCAAGYSGYDFDYWGQGTLVTVSS,AAGYSGYDFDY,11
448,seq448,QVQLVQSGAEVKKPGASVKVSCKASGYTFTGYYIHWVRRAPGQGLEWMGWINPNSGGTNYAQKFQGRVTMTRDTSITTAYLELSSLRSDDTAVYYCARAGSGDFDYWGQGTLVTVSS,ARAGSGDFDY,10
449,seq449,QVQLVQSGAEVKKPGASVKVSCKASGYTFTGYYIHWVRRAPGQGLEWMGWINPNSGGTNYAQKFQGRVTMTRDTSITTAYLELSSLRSDDTAVYYCARAGYGDPFDYWGQGTLVTVSS,ARAGYGDPFDY,11
450,seq450,QVQLVQSGAEVKKPGASVKVSCKASGYTFTGYYIHWVRRAPGQGLEWMGWINPNSGGTNYAQKFQGRVTMTRDTSITTAYLELSSLRSDDTAVYYCARASGYDPFDYWGQGTLVTVSS,ARASGYDPFDY,11
451,seq451,QVQLVQSGAEVKKPGASVKVSCKASGYTFTGYYIHWVRRAPGQGLEWMGWINPNSGGTNYAQKFQGRVTMTRDTSITTAYLELSSLRSDDTAVYYCAARGYSGYDPFDYWGQGTLVTVSS,AARGYSGYDPFDY,13
452,seq452,QVQLVQSGAEVKKPGASVKVSCKASGYTFTGYYIHWVRRAPGQGLEWMGWINPNSGGTNYAQKFQGRVTMTRDTSITTAYLELSSLRSDDTAVYYCAAGYGYDPFDYWGQGTLVTVSS,AAGYGYDPFDY,11
453,seq453,QVQLVQSGAEVKKPGASVKVSCKASGYTFTGYYIHWVRRAPGQGLEWMGWINPNSGGTNYAQKFQGRVTMTRDTSITTAYLELSSLRSDDTAVYYCARARGYSGDDYWGQGTLVTVSS,ARARGYSGDDY,11
454,seq454,QVQLVQSGAEVKKPGASVKVSCKASGYTFTGYYIHWVRRAPGQGLEWMGWINPNSGGTNYAQKFQGRVTMTRDTSITTAYLELSSLRSDDTAVYYCARARGYSGYDPDYWGQGTLVTVSS,ARARGYSGYDPDY,13
455,seq455,QVQLVQSGAEVKKPGASVKVSCKASGYTFTGYYIHWVRRAPGQGLEWMGWINPNSGGTNYAQKFQGRVTMTRDTSITTAYLELSSLRSDDTAVYYCARAGSGYDFYWGQGTLVTVSS,ARAGSGYDFY,10
456,seq456,QVQLVQSGAEVKKPGASVKVSCKASGYTFTGYYIHWVRRAPGQGLEWMGWINPNSGGTNYAQKFQGRVTMTRDTSITTAYLELSSLRSDDTAVYYCAARYSGYDDYWGQGTLVTVSS,AARYSGYDDY,10
457,seq457,QVQLVQSGAEVKKPGASVKVSCKASGYTFTGYYIHWVRRAPGQGLEWMGWINPNSGGTNYAQKFQGRVTMTRDTSITTAYLELSSLRSDDTAVYYCRARYSGDDYWGQGTLVTVSS,RARYSGDDY,9
458,seq458,QVQLVQSGAEVKKPGASVKVSCKASGYTFTGYYIHWVRRAPGQGLEWMGWINPNSGGTNYAQKFQGRVTMTRDTSITTAYLELSSLRSDDTAVYYCARAGYSYDPFDYWGQGTLVTVSS,ARAGYSYDPFDY,12
459,seq459,QVQLVQSGAEVKKPGASVKVSCKASGYTFTGYYIHWVRRAPGQGLEWMGWINPNSGGTNYAQKFQGRVTMTRDTSITTAYLELSSLRSDDTAVYYCARAGYSDPFYWGQGTLVTVSS,ARAGYSDPFY,10
460,seq460,QVQLVQSGAEVKKPGASVKVSCKASGYTFTGYYIHWVRRAPGQGLEWMGWINPNSGGTNYAQKFQGRVTMTRDTSITTAYLELSSLRSDDTAVYYCARARGYSGYDPFDYWGQGTLVTVSS,ARARGYSGYDPFDY,14
461,seq461,QVQLVQSGAEVKKPGASVKVSCKASGYTFTGYYIHWVRRAPGQGLEWMGWINPNSGGTNYAQKFQGRVTMTRDTSITTAYLELSSLRSDDTAVYYCAAGYSGYDPFDWGQGTLVTVSS,AAGYSGYDPFD,11
462,seq462,QVQLVQSGAEVKKPGASVKVSCKASGYTFTGYYIHWVRRAPGQGLEWMGWINPNSGGTNYAQKFQGRVTMTRDTSITTAYLELSSLRSDDTAVYYCARARGYSYDPFWGQGTLVTVSS,ARARGYSYDPF,11
463,seq463,QVQLVQSGAEVKKPGASVKVSCKASGYTFTGYYIHWVRRAPGQGLEWMGWINPNSGGTNYAQKFQGRVTMTRDTSITTAYLELSSLRSDDTAVYYCARARGYSGYDFDYWGQGTLVTVSS,ARARGYSGYDFDY,13
464,seq464,QVQLVQSGAEVKKPGASVKVSCKASGYTFTGYYIHWVRRAPGQGLEWMGWINPNSGGTNYAQKFQGRVTMTRDTSITTAYLELSSLRSDDTAVYYCARARGYDPFDYWGQGTLVTVSS,ARARGYDPFDY,11
465,seq465,QVQLVQSGAEVKKPGASVKVSCKASGYTFTGYYIHWVRRAPGQGLEWMGWINPNSGGTNYAQKFQGRVTMTRDTSITTAYLELSSLRSDDTAVYYCARARGYSGYDPFDYWGQGTLVTVSS,ARARGYSGYDPFDY,14
466,seq466,QVQLVQSGAEVKKPGASVKVSCKASGYTFTGYYIHWVRRAPGQGLEWMGWINPNSGGTNYAQKFQGRVTMTRDTSITTAYLELSSLRSDDTAVYYCARARGYGYPFYWGQGTLVTVSS,ARARGYGYPFY,11
467,seq467,QVQLVQSGAEVKKPGASVKVSCKASGYTFTGYYIHWVRRAPGQGLEWMGWINPNSGGTNYAQKFQGRVTMTRDTSITTAYLELSSLRSDDTAVYYCARRGYSGDPFYWGQGTLVTVSS,ARRGYSGDPFY,11
468,seq468,QVQLVQSGAEVKKPGASVKVSCKASGYTFTGYYIHWVRRAPGQGLEWMGWINPNSGGTNYAQKFQGRVTMTRDTSITTAYLELSSLRSDDTAVYYCAAGYSGYDPFDWGQGTLVTVSS,AAGYSGYDPFD,11
469,seq469,QVQLVQSGAEVKKPGASVKVSCKASGYTFTGYYIHWVRRAPGQGLEWMGWINPNSGGTNYAQKFQGRVTMTRDTSITTAYLELSSLRSDDTAVYYCAARGYSGPFYWGQGTLVTVSS,AARGYSGPFY,10
470,seq470,QVQLVQSGAEVKKPGASVKVSCKASGYTFTGYYIHWVRRAPGQGLEWMGWINPNSGGTNYAQKFQGRVTMTRDTSITTAYLELSSLRSDDTAVYYCARARYSGDPFDYWGQGTLVTVSS,ARARYSGDPFDY,12
471,seq471,QVQLVQSGAEVKKPGASVKVSCKASGYTFTGYYIHWVRRAPGQGLEWMGWINPNSGGTNYAQKFQGRVTMTRDTSITTAYLELSSLRSDDTAVYYCRARGYGYDPDWGQGTLVTVSS,RARGYGYDPD,10
472,seq472,QVQLVQSGAEVKKPGASVKVSCKASGYTFTGYYIHWVRRAPGQGLEWMGWINPNSGGTNYAQKFQGRVTMTRDTSITTAYLELSSLRSDDTAVYYCARARGYSGYDFDWGQGTLVTVSS,ARARGYSGYDFD,12
473,seq473,QVQLVQSGAEVKKPGASVKVSCKASGYTFTGYYIHWVRRAPGQGLEWMGWINPNSGGTNYAQKFQGRVTMTRDTSITTAYLELSSLRSDDTAVYYCAARGYSGYDPFDYWGQGTLVTVSS,AARGYSGYDPFDY,13
474,seq474,QVQLVQSGAEVKKPGASVKVSCKASGYTFTGYYIHWVRRAPGQGLEWMGWINPNSGGTNYAQKFQGRVTMTRDTSITTAYLELSSLRSDDTAVYYCARARGYGYDPFDYWGQGTLVTVSS,ARARGYGYDPFDY,13
475,seq475,QVQLVQSGAEVKKPGASVKVSCKASGYTFTGYYIHWVRRAPGQGLEWMGWINPNSGGTNYAQKFQGRVTMTRDTSITTAYLELSSLRSDDTAVYYCAARGYGYDPFDYWGQGTLVTVSS,AARGYGYDPFDY,12
476,seq476,QVQLVQSGAEVKKPGASVKVSCKASGYTFTGYYIHWVRRAPGQGLEWMGWINPNSGGTNYAQKFQGRVTMTRDTSITTAYLELSSLRSDDTAVYYCARAGYSGDPDWGQGTLVTVSS,ARAGYSGDPD,10
477,seq477,QVQLVQSGAEVKKPGASVKVSCKASGYTFTGYYIHWVRRAPGQGLEWMGWINPNSGGTNYAQKFQGRVTMTRDTSITTAYLELSSLRSDDTAVYYCARARSGYDPFDYWGQGTLVTVSS,ARARSGYDPFDY,12
478,seq478,QVQLVQSGAEVKKPGASVKVSCKASGYTFTGYYIHWVRRAPGQGLEWMGWINPNSGGTNYAQKFQGRVTMTRDTSITTAYLELSSLRSDDTAVYYCARGYSGYDFDYWGQGTLVTVSS,ARGYSGYDFDY,11
479,seq479,QVQLVQSGAEVKKPGASVKVSCKASGYTFTGYYIHWVRRAPGQGLEWMGWINPNSGGTNYAQKFQGRVTMTRDTSITTAYLELSSLRSDDTAVYYCARRGYSGYDFDWGQGTLVTVSS,ARRGYSGYDFD,11
480,seq480,QVQLVQSGAEVKKPGASVKVSCKASGYTFTGYYIHWVRRAPGQGLEWMGWINPNSGGTNYAQKFQGRVTMTRDTSITTAYLELSSLRSDDTAVYYCARAGGDPFDYWGQGTLVTVSS,ARAGGDPFDY,10
481,seq481,QVQLVQSGAEVKKPGASVKVSCKASGYTFTGYYIHWVRRAPGQGLEWMGWINPNSGGTNYAQKFQGRVTMTRDTSITTAYLELSSLRSDDTAVYYCARARGGDPDYWGQGTLVTVSS,ARARGGDPDY,10
482,seq482,QVQLVQSGAEVKKPGASVKVSCKASGYTFTGYYIHWVRRAPGQGLEWMGWINPNSGGTNYAQKFQGRVTMTRDTSITTAYLELSSLRSDDTAVYYCARRYSGYDPFYWGQGTLVTVSS,ARRYSGYDPFY,11
483,seq483,QVQLVQSGAEVKKPGASVKVSCKASGYTFTGYYIHWVRRAPGQGLEWMGWINPNSGGTNYAQKFQGRVTMTRDTSITTAYLELSSLRSDDTAVYYCRARGYSGDPFYWGQGTLVTVSS,RARGYSGDPFY,11
484,seq484,QVQLVQSGAEVKKPGASVKVSCKASGYTFTGYYIHWVRRAPGQGLEWMGWINPNSGGTNYAQKFQGRVTMTRDTSITTAYLELSSLRSDDTAVYYCARARGYSGYDPFYWGQGTLVTVSS,ARARGYSGYDPFY,13
485,seq485,QVQLVQSGAEVKKPGASVKVSCKASGYTFTGYYIHWVRRAPGQGLEWMGWINPNSGGTNYAQKFQGRVTMTRDTSITTAYLELSSLRSDDTAVYYCARARGYDPDWGQGTLVTVSS,ARARGYDPD,9
486,seq486,QVQLVQSGAEVKKPGASVKVSCKASGYTFTGYYIHWVRRAPGQGLEWMGWINPNSGGTNYAQKFQGRVTMTRDTSITTAYLELSSLRSDDTAVYYCARAGYSGYDFDWGQGTLVTVSS,ARAGYSGYDFD,11
487,seq487,QVQLVQSGAEVKKPGASVKVSCKASGYTFTGYYIHWVRRAPGQGLEWMGWINPNSGGTNYAQKFQGRVTMTRDTSITTAYLELSSLRSDDTAVYYCARARYSGYDDWGQGTLVTVSS,ARARYSGYDD,10
488,seq488,QVQLVQSGAEVKKPGASVKVSCKASGYTFTGYYIHWVRRAPGQGLEWMGWINPNSGGTNYAQKFQGRVTMTRDTSITTAYLELSSLRSDDTAVYYCRARGYSYDPFDWGQGTLVTVSS,RARGYSYDPFD,11
489,seq489,QVQLVQSGAEVKKPGASVKVSCKASGYTFTGYYIHWVRRAPGQGLEWMGWINPNSGGTNYAQKFQGRVTMTRDTSITTAYLELSSLRSDDTAVYYCAARGYSGYDPFDWGQGTLVTVSS,AARGYSGYDPFD,12
490,seq490,QVQLVQSGAEVKKPGASVKVSCKASGYTFTGYYIHWVRRAPGQGLEWMGWINPNSGGTNYAQKFQGRVTMTRDTSITTAYLELSSLRSDDTAVYYCAARYSYDPFDYWGQGTLVTVSS,AARYSYDPFDY,11
491,seq491,QVQLVQSGAEVKKPGASVKVSCKASGYTFTGYYIHWVRRAPGQGLEWMGWINPNSGGTNYAQKFQGRVTMTRDTSITTAYLELSSLRSDDTAVYYCAASGYDFDYWGQGTLVTVSS,AASGYDFDY,9
492,seq492,QVQLVQSGAEVKKPGASVKVSCKASGYTFTGYYIHWVRRAPGQGLEWMGWINPNSGGTNYAQKFQGRVTMTRDTSITTAYLELSSLRSDDTAVYYCGSGYDPYWGQGTLVTVSS,GSGYDPY,7
493,seq493,QVQLVQSGAEVKKPGASVKVSCKASGYTFTGYYIHWVRRAPGQGLEWMGWINPNSGGTNYAQKFQGRVTMTRDTSITTAYLELSSLRSDDTAVYYCAARGYGDPFYWGQGTLVTVSS,AARGYGDPFY,10
494,seq494,QVQLVQSGAEVKKPGASVKVSCKASGYTFTGYYIHWVRRAPGQGLEWMGWINPNSGGTNYAQKFQGRVTMTRDTSITTAYLELSSLRSDDTAVYYCARARYGYPDYWGQGTLVTVSS,ARARYGYPDY,10
495,seq495,QVQLVQSGAEVKKPGASVKVSCKASGYTFTGYYIHWVRRAPGQGLEWMGWINPNSGGTNYAQKFQGRVTMTRDTSITTAYLELSSLRSDDTAVYYCARARYSGYDFDYWGQGTLVTVSS,ARARYSGYDFDY,12
496,seq496,QVQLVQSGAEVKKPGASVKVSCKASGYTFTGYYIHWVRRAPGQGLEWMGWINPNSGGTNYAQKFQGRVTMTRDTSITTAYLELSSLRSDDTAVYYCARGYSGYFYWGQGTLVTVSS,ARGYSGYFY,9
497,seq497,QVQLVQSGAEVKKPGASVKVSCKASGYTFTGYYIHWVRRAPGQGLEWMGWINPNSGGTNYAQKFQGRVTMTRDTSITTAYLELSSLRSDDTAVYYCARRGYSGYDFWGQGTLVTVSS,ARRGYSGYDF,10
498,seq498,QVQLVQSGAEVKKPGASVKVSCKASGYTFTGYYIHWVRRAPGQGLEWMGWINPNSGGTNYAQKFQGRVTMTRDTSITTAYLELSSLRSDDTAVYYCARARGYSGPYWGQGTLVTVSS,ARARGYSGPY,10
499,seq499,QVQLVQSGAEVKKPGASVKVSCKASGYTFTGYYIHWVRRAPGQGLEWMGWINPNSGGTNYAQKFQGRVTMTRDTSITTAYLELSSLRSDDTAVYYCRARGYSGYDPFDYWGQGTLVTVSS,RARGYSGYDPFDY,13
